Bert_1,Bert_0
0.3882122039794922,0.6117877960205078
0.9852584600448608,0.014741546474397182
0.4531148076057434,0.5468851923942566
0.9874793887138367,0.012520631775259972
0.1129818707704544,0.887018084526062
0.3249397575855255,0.6750602126121521
0.9712018370628357,0.028798246756196022
0.23000597953796387,0.7699940800666809
0.147089421749115,0.8529106378555298
0.9251013398170471,0.07489865273237228
0.8041331171989441,0.19586686789989471
0.19394296407699585,0.8060570359230042
0.8463854789733887,0.15361447632312775
0.14238926768302917,0.8576107621192932
0.1285112053155899,0.8714888095855713
0.8086218237876892,0.1913781613111496
0.75921231508255,0.24078765511512756
0.08066055923700333,0.9193394184112549
0.9316966533660889,0.06830337643623352
0.06943315267562866,0.9305668473243713
0.9426537752151489,0.05734623596072197
0.18065179884433746,0.8193482160568237
0.09833232313394547,0.9016677141189575
0.9669255614280701,0.03307449072599411
0.06659192591905594,0.9334080219268799
0.1291961371898651,0.8708038926124573
0.03065883368253708,0.9693412184715271
0.9692413806915283,0.030758585780858994
0.9626283049583435,0.037371620535850525
0.7298040986061096,0.2701958417892456
0.034834105521440506,0.9651658535003662
0.19295421242713928,0.8070457577705383
0.16599926352500916,0.8340007662773132
0.3678559362888336,0.6321440935134888
0.9856298565864563,0.014370194636285305
0.9895833730697632,0.010416671633720398
0.1140565350651741,0.8859434723854065
0.8468484282493591,0.1531515270471573
0.09699723869562149,0.9030027985572815
0.07155074179172516,0.928449273109436
0.4509730935096741,0.5490268468856812
0.7741562128067017,0.22584374248981476
0.9389585852622986,0.06104137748479843
0.898193895816803,0.10180608928203583
0.6974636912345886,0.3025363087654114
0.9851065874099731,0.014893386512994766
0.9789021611213684,0.0210978202521801
0.10447670519351959,0.8955233097076416
0.9531823396682739,0.0468176007270813
0.9859594702720642,0.014040503650903702
0.15085044503211975,0.8491495251655579
0.6448902487754822,0.3551097512245178
0.6106622219085693,0.38933777809143066
0.6269733905792236,0.373026579618454
0.15297140181064606,0.8470286130905151
0.143996924161911,0.8560030460357666
0.9896368384361267,0.010363123379647732
0.38894718885421753,0.6110528111457825
0.2761966288089752,0.7238034009933472
0.07964341342449188,0.9203565120697021
0.4241724908351898,0.5758275389671326
0.02477092668414116,0.975229024887085
0.10839441418647766,0.8916056156158447
0.16951851546764374,0.8304814696311951
0.678327202796936,0.3216727674007416
0.9781154990196228,0.021884499117732048
0.0841507688164711,0.9158492684364319
0.9705436825752258,0.029456282034516335
0.43343034386634827,0.5665696859359741
0.9841060042381287,0.015894027426838875
0.3102843761444092,0.6897156238555908
0.10468830913305283,0.895311713218689
0.9225103259086609,0.0774897038936615
0.9872661828994751,0.01273384690284729
0.1711709052324295,0.8288290500640869
0.11104375123977661,0.8889562487602234
0.9866863489151001,0.013313616625964642
0.11990711092948914,0.8800928592681885
0.893963098526001,0.10603690892457962
0.8068732023239136,0.19312684237957
0.9828229546546936,0.017177117988467216
0.745591402053833,0.254408597946167
0.31780382990837097,0.6821961998939514
0.37965869903564453,0.6203413009643555
0.9853526949882507,0.014647258445620537
0.11096072196960449,0.8890392184257507
0.9815130233764648,0.01848701201379299
0.11532831937074661,0.884671688079834
0.03273767605423927,0.9672623872756958
0.2188749462366104,0.781125009059906
0.22566457092761993,0.7743354439735413
0.09764813631772995,0.9023519158363342
0.9877804517745972,0.012219557538628578
0.06358148157596588,0.9364184737205505
0.9875209331512451,0.012479052878916264
0.5075179934501648,0.4924820065498352
0.2167431265115738,0.7832569479942322
0.1545277088880539,0.8454723358154297
0.5021618008613586,0.49783822894096375
0.9779200553894043,0.022079961374402046
0.9668917655944824,0.03310822695493698
0.9864435195922852,0.013556472957134247
0.3751782476902008,0.6248217225074768
0.2482079714536667,0.7517920136451721
0.5212593674659729,0.4787406921386719
0.17030948400497437,0.8296904563903809
0.23428159952163696,0.765718400478363
0.5263897180557251,0.4736102819442749
0.881097137928009,0.11890286207199097
0.9844532608985901,0.01554675679653883
0.11480002850294113,0.8851999640464783
0.2101435363292694,0.7898564338684082
0.2213311642408371,0.7786688208580017
0.5693964958190918,0.4306034445762634
0.2674276828765869,0.7325723171234131
0.9800830483436584,0.019916987046599388
0.7151848673820496,0.2848151624202728
0.9883975386619568,0.0116024911403656
0.17459532618522644,0.8254046440124512
0.1189599260687828,0.8810400366783142
0.9329589605331421,0.06704104691743851
0.22039265930652618,0.779607355594635
0.7413610219955444,0.25863903760910034
0.8164390325546265,0.18356099724769592
0.17891745269298553,0.8210825324058533
0.7611157894134521,0.23888421058654785
0.11990109831094742,0.8800988793373108
0.7971418499946594,0.20285817980766296
0.05248146504163742,0.947518527507782
0.9832828044891357,0.016717225313186646
0.668972909450531,0.331027090549469
0.7462418079376221,0.25375819206237793
0.14945603907108307,0.8505439758300781
0.9100081324577332,0.08999190479516983
0.04694860801100731,0.9530514478683472
0.6138898134231567,0.38611018657684326
0.14795434474945068,0.8520457148551941
0.22082315385341644,0.7791768908500671
0.9839498996734619,0.016050074249505997
0.9798689484596252,0.020131058990955353
0.9831663370132446,0.016833702102303505
0.8506975769996643,0.1493023931980133
0.8760236501693726,0.12397634983062744
0.1360803246498108,0.8639196753501892
0.8910664916038513,0.10893350094556808
0.9352392554283142,0.06476077437400818
0.06090430170297623,0.9390957355499268
0.986791729927063,0.013208232820034027
0.15390901267528534,0.8460909724235535
0.24547423422336578,0.7545257806777954
0.08859452605247498,0.9114055037498474
0.8041232228279114,0.19587679207324982
0.13375571370124817,0.8662442564964294
0.03262883797287941,0.9673711061477661
0.055324703454971313,0.9446753263473511
0.09293749928474426,0.9070624709129333
0.7888941168785095,0.21110588312149048
0.16579477488994598,0.8342052102088928
0.9317918419837952,0.06820820271968842
0.0712265819311142,0.9287734031677246
0.9325664043426514,0.06743363291025162
0.09948000311851501,0.9005199670791626
0.43763870000839233,0.5623613595962524
0.11959388107061386,0.8804060816764832
0.06279535591602325,0.9372046589851379
0.9746463894844055,0.025353649631142616
0.9369031190872192,0.06309687346220016
0.0921880230307579,0.9078119993209839
0.10694003105163574,0.8930599689483643
0.20756834745407104,0.792431652545929
0.983796238899231,0.0162037443369627
0.0770672857761383,0.9229326844215393
0.16200010478496552,0.8379999399185181
0.2521252930164337,0.7478746771812439
0.9878181219100952,0.012181800790131092
0.8217796087265015,0.17822043597698212
0.1851232647895813,0.8148766756057739
0.9745715260505676,0.025428470224142075
0.9808072447776794,0.019192742183804512
0.52238529920578,0.47761476039886475
0.11528892070055008,0.8847111463546753
0.12306536734104156,0.8769346475601196
0.1186264380812645,0.8813735842704773
0.16638526320457458,0.8336147665977478
0.614159107208252,0.38584083318710327
0.9760056138038635,0.023994460701942444
0.9881014823913574,0.011898517608642578
0.06536394357681274,0.9346360564231873
0.13603590428829193,0.8639640808105469
0.9809926152229309,0.019007449969649315
0.9872616529464722,0.012738331221044064
0.5679315328598022,0.43206846714019775
0.8012595176696777,0.19874049723148346
0.3023846447467804,0.6976153254508972
0.14231999218463898,0.8576800227165222
0.13677607476711273,0.8632239103317261
0.1867859959602356,0.8132140040397644
0.14973969757556915,0.850260317325592
0.9673397541046143,0.03266022726893425
0.03508285805583,0.9649171829223633
0.07680445164442062,0.9231955409049988
0.9541906714439392,0.04580928757786751
0.2517927289009094,0.7482072710990906
0.9665730595588684,0.033427003771066666
0.08125101029872894,0.9187489748001099
0.1550748497247696,0.8449251651763916
0.9885332584381104,0.011466720141470432
0.978366494178772,0.021633587777614594
0.9723784923553467,0.02762152999639511
0.4721927344799042,0.5278072357177734
0.947699248790741,0.052300747483968735
0.21997040510177612,0.7800295948982239
0.9659283757209778,0.03407157585024834
0.09507479518651962,0.9049252271652222
0.9855088591575623,0.014491194859147072
0.09521166980266571,0.9047883749008179
0.10977289825677872,0.8902270793914795
0.11687833815813065,0.8831216096878052
0.9604929089546204,0.039507124572992325
0.2781517505645752,0.72184818983078
0.1780894547700882,0.821910560131073
0.9888303875923157,0.011169638484716415
0.16600196063518524,0.8339980840682983
0.031080540269613266,0.9689194560050964
0.2421601116657257,0.7578399181365967
0.9879639148712158,0.012036040425300598
0.08642751723527908,0.9135724902153015
0.050500575453042984,0.9494994282722473
0.985343873500824,0.014656049199402332
0.1851016730070114,0.8148983120918274
0.11018910259008408,0.8898109197616577
0.17512798309326172,0.8248720169067383
0.17599539458751678,0.8240046501159668
0.9848314523696899,0.015168621204793453
0.9825862646102905,0.017413724213838577
0.9820319414138794,0.01796802505850792
0.30551567673683167,0.694484293460846
0.6274020075798035,0.3725980222225189
0.8575680255889893,0.14243197441101074
0.18231360614299774,0.8176863789558411
0.9849201440811157,0.015079864300787449
0.4197239875793457,0.5802760124206543
0.1464640498161316,0.8535360097885132
0.26583147048950195,0.734168529510498
0.9854273796081543,0.014572687447071075
0.07202199846506119,0.927977979183197
0.864402711391449,0.1355973333120346
0.206895112991333,0.7931048274040222
0.9807448387145996,0.019255151972174644
0.5407851934432983,0.45921483635902405
0.9869838953018188,0.013016102835536003
0.35622942447662354,0.6437705755233765
0.06947173178195953,0.9305282831192017
0.19709590077400208,0.8029041290283203
0.44580182433128357,0.554198145866394
0.08877909928560257,0.9112208485603333
0.23808199167251587,0.7619180679321289
0.49982258677482605,0.5001774430274963
0.07883229851722717,0.9211676716804504
0.11259425431489944,0.8874056935310364
0.30115532875061035,0.6988446116447449
0.9784325361251831,0.021567491814494133
0.7513058185577393,0.24869418144226074
0.1257069855928421,0.8742930293083191
0.8420165181159973,0.1579834520816803
0.7564091682434082,0.2435908019542694
0.9773563146591187,0.022643672302365303
0.9856625199317932,0.014337454922497272
0.12343727052211761,0.8765627145767212
0.17071494460105896,0.8292850255966187
0.4403722286224365,0.5596277713775635
0.6425917148590088,0.3574082851409912
0.06901414692401886,0.9309858679771423
0.47484126687049866,0.525158703327179
0.14337562024593353,0.8566243648529053
0.6475623846054077,0.3524376153945923
0.18146318197250366,0.8185368776321411
0.8912734985351562,0.10872657597064972
0.9817492961883545,0.018250705674290657
0.05407175049185753,0.9459282159805298
0.9872839450836182,0.012716091237962246
0.22245381772518158,0.7775461673736572
0.9802175760269165,0.01978245936334133
0.7060540318489075,0.2939459979534149
0.160073384642601,0.8399266004562378
0.9860970377922058,0.013902934268116951
0.3974636495113373,0.6025363802909851
0.9721354246139526,0.027864551171660423
0.07756564766168594,0.922434389591217
0.9829761981964111,0.01702374406158924
0.4433276951313019,0.5566722750663757
0.10406060516834259,0.8959394097328186
0.14265309274196625,0.8573468923568726
0.060659751296043396,0.9393402338027954
0.9872686862945557,0.012731318362057209
0.9904480576515198,0.009551863186061382
0.9678754210472107,0.03212462738156319
0.25459155440330505,0.7454084157943726
0.12830574810504913,0.8716942071914673
0.8371705412864685,0.1628294289112091
0.48943543434143066,0.5105645060539246
0.976213812828064,0.023786166682839394
0.9516040682792664,0.048395853489637375
0.22244320809841156,0.777556836605072
0.14631414413452148,0.8536859154701233
0.9569692611694336,0.043030694127082825
0.28306880593299866,0.716931164264679
0.1383272260427475,0.8616726994514465
0.11905290931463242,0.8809470534324646
0.0779438242316246,0.9220561981201172
0.967689037322998,0.03231094777584076
0.9836145043373108,0.016385486349463463
0.9575592875480652,0.04244077950716019
0.9827471971511841,0.017252840101718903
0.8717416524887085,0.12825827300548553
0.05188746377825737,0.9481125473976135
0.11080070585012436,0.8891992568969727
0.7963675260543823,0.20363251864910126
0.8159176707267761,0.18408235907554626
0.9808488488197327,0.01915115863084793
0.11787804961204529,0.8821219205856323
0.12939989566802979,0.8706001043319702
0.23400524258613586,0.7659947872161865
0.09268112480640411,0.9073188900947571
0.9866567254066467,0.013343208469450474
0.2700563669204712,0.729943573474884
0.06906601041555405,0.9309340119361877
0.14807456731796265,0.8519254326820374
0.9878617525100708,0.012138258665800095
0.985176682472229,0.014823311008512974
0.6322100758552551,0.36778998374938965
0.5585756897926331,0.44142431020736694
0.03481755033135414,0.9651824235916138
0.1060323715209961,0.8939676284790039
0.9672936797142029,0.032706327736377716
0.14018622040748596,0.8598137497901917
0.15339142084121704,0.8466086387634277
0.9504979252815247,0.04950210079550743
0.9830318689346313,0.01696811243891716
0.04052356258034706,0.9594764113426208
0.0528961643576622,0.9471038579940796
0.8791401982307434,0.12085975706577301
0.9642210006713867,0.035778991878032684
0.2121313512325287,0.7878686785697937
0.1455431878566742,0.8544567823410034
0.05076543986797333,0.9492345452308655
0.16498540341854095,0.8350145816802979
0.07319311797618866,0.9268068671226501
0.08081617951393127,0.9191838502883911
0.13144847750663757,0.8685515522956848
0.15777581930160522,0.8422242403030396
0.08314447849988937,0.91685551404953
0.2609567940235138,0.7390432357788086
0.2195161134004593,0.7804839015007019
0.4568205177783966,0.5431795120239258
0.2841954231262207,0.7158045768737793
0.06553687900304794,0.9344630837440491
0.19755330681800842,0.802446722984314
0.7660759687423706,0.2339240312576294
0.048860084265470505,0.9511399269104004
0.07138548791408539,0.9286145567893982
0.42417481541633606,0.5758251547813416
0.21877683699131012,0.7812231779098511
0.9587880373001099,0.041211992502212524
0.2907404601573944,0.7092595100402832
0.10041536390781403,0.8995846509933472
0.043762821704149246,0.9562371969223022
0.44324079155921936,0.556759238243103
0.09806696325540543,0.9019330739974976
0.3090178668498993,0.6909821629524231
0.08642039448022842,0.913579523563385
0.6080893874168396,0.391910582780838
0.06484287977218628,0.9351571202278137
0.0723356381058693,0.9276643395423889
0.13500329852104187,0.8649966716766357
0.11956480890512466,0.8804352283477783
0.5503453612327576,0.4496546685695648
0.9803078770637512,0.01969211921095848
0.2235005646944046,0.7764994502067566
0.5763792991638184,0.42362067103385925
0.1066666916012764,0.8933333158493042
0.07312773168087006,0.9268722534179688
0.7142054438591003,0.28579455614089966
0.3792535364627838,0.6207464337348938
0.8638593554496765,0.13614067435264587
0.9694743752479553,0.03052564151585102
0.29550886154174805,0.7044910788536072
0.23561698198318481,0.7643830180168152
0.04421170428395271,0.9557883143424988
0.19725219905376434,0.8027478456497192
0.8693438172340393,0.1306561976671219
0.0601794607937336,0.9398205280303955
0.9751783609390259,0.02482164278626442
0.9871771335601807,0.012822793796658516
0.04353276267647743,0.9564672708511353
0.38501742482185364,0.614982545375824
0.9335864186286926,0.06641365587711334
0.15221740305423737,0.8477826118469238
0.4055667519569397,0.5944331884384155
0.9870517253875732,0.012948282063007355
0.9792554974555969,0.02074446901679039
0.38488537073135376,0.6151146292686462
0.9069641828536987,0.09303579479455948
0.13515059649944305,0.864849328994751
0.09987890720367432,0.9001210331916809
0.20048747956752777,0.7995124459266663
0.8877800703048706,0.1122199147939682
0.2528306841850281,0.7471693158149719
0.9805630445480347,0.019436972215771675
0.046440429985523224,0.9535596370697021
0.4524730145931244,0.547527015209198
0.1834794282913208,0.8165205717086792
0.9223037362098694,0.07769621163606644
0.13547255098819733,0.8645274043083191
0.9871928691864014,0.012807165272533894
0.915789783000946,0.08421017974615097
0.9345546960830688,0.06544531881809235
0.21134905517101288,0.7886509299278259
0.9514686465263367,0.04853133484721184
0.04857906699180603,0.9514209628105164
0.9857158064842224,0.014284161850810051
0.6551210880279541,0.3448788821697235
0.9611423015594482,0.03885764628648758
0.10106964409351349,0.8989303708076477
0.9807431697845459,0.019256887957453728
0.30159449577331543,0.6984055042266846
0.061292704194784164,0.9387073516845703
0.11515557020902634,0.8848444223403931
0.9840953946113586,0.015904592350125313
0.14508982002735138,0.8549101948738098
0.9386136531829834,0.06138632446527481
0.8852345943450928,0.11476536095142365
0.1894494891166687,0.8105505108833313
0.9035314321517944,0.09646862745285034
0.05708260089159012,0.9429174065589905
0.4540221691131592,0.545977771282196
0.11081849038600922,0.8891815543174744
0.06913770735263824,0.930862307548523
0.7210074663162231,0.27899253368377686
0.23210056126117706,0.7678994536399841
0.07883850485086441,0.9211615324020386
0.4488620460033417,0.5511379837989807
0.9829476475715637,0.01705237291753292
0.16312247514724731,0.8368775844573975
0.09625960886478424,0.903740406036377
0.07914536446332932,0.9208546280860901
0.07174196094274521,0.9282580614089966
0.02647477760910988,0.9735252261161804
0.7785070538520813,0.2214929163455963
0.17155280709266663,0.8284472227096558
0.9843144416809082,0.015685541555285454
0.3260529935359955,0.6739469766616821
0.35846397280693054,0.6415359973907471
0.06506602466106415,0.9349339604377747
0.38703322410583496,0.612966775894165
0.9740150570869446,0.02598494291305542
0.9519848823547363,0.048015087842941284
0.4160101115703583,0.5839898586273193
0.9697121977806091,0.030287839472293854
0.984247088432312,0.015752969309687614
0.40127435326576233,0.5987256765365601
0.8339800238609314,0.1660199910402298
0.4630354046821594,0.5369645953178406
0.022544119507074356,0.9774558544158936
0.686453640460968,0.3135463297367096
0.9603972434997559,0.03960280865430832
0.987310528755188,0.012689454481005669
0.08891963213682175,0.9110803008079529
0.9886461496353149,0.011353838257491589
0.9775001406669617,0.02249987982213497
0.23396547138690948,0.7660344839096069
0.6496307253837585,0.35036927461624146
0.985554575920105,0.014445380307734013
0.2768707275390625,0.7231293320655823
0.1603962630033493,0.8396036624908447
0.7030335068702698,0.2969664931297302
0.3998912274837494,0.600108802318573
0.3511771559715271,0.6488228440284729
0.23378068208694458,0.7662193179130554
0.0962236225605011,0.9037763476371765
0.9141722321510315,0.08582774549722672
0.27628302574157715,0.7237169742584229
0.18566536903381348,0.8143345713615417
0.12924206256866455,0.8707578778266907
0.29206764698028564,0.7079324126243591
0.034646738320589066,0.96535325050354
0.16033799946308136,0.8396620154380798
0.9851526021957397,0.014847333543002605
0.26550114154815674,0.7344987988471985
0.1461726874113083,0.8538272976875305
0.9830918908119202,0.016908101737499237
0.9489243626594543,0.05107567831873894
0.17271816730499268,0.8272818326950073
0.12734535336494446,0.8726546764373779
0.12645043432712555,0.8735495209693909
0.8859086632728577,0.11409137398004532
0.9417383670806885,0.058261629194021225
0.09807565063238144,0.9019243717193604
0.9744247198104858,0.025575270876288414
0.09437890350818634,0.9056211113929749
0.06600411981344223,0.9339958429336548
0.9808397889137268,0.019160179421305656
0.656624436378479,0.3433755934238434
0.19054445624351501,0.8094555735588074
0.04615189880132675,0.953848123550415
0.119869664311409,0.8801302909851074
0.9873510003089905,0.012649057433009148
0.296408474445343,0.703591525554657
0.21362629532814026,0.7863736748695374
0.9879052639007568,0.012094726786017418
0.06734102964401245,0.9326589703559875
0.6977477669715881,0.30225226283073425
0.08620151877403259,0.9137985110282898
0.8762235045433044,0.12377648055553436
0.3791992962360382,0.6208007335662842
0.985034704208374,0.014965279959142208
0.33932095766067505,0.6606791019439697
0.9880038499832153,0.011996150016784668
0.7634240388870239,0.23657596111297607
0.08405216038227081,0.9159479141235352
0.9862897992134094,0.013710171915590763
0.057475656270980835,0.9425243139266968
0.9073575735092163,0.0926423892378807
0.2068946659564972,0.7931053042411804
0.9818613529205322,0.018138647079467773
0.23847408592700958,0.7615259289741516
0.9748605489730835,0.0251394584774971
0.052747804671525955,0.9472522139549255
0.16148968040943146,0.838510274887085
0.9816930294036865,0.018306951969861984
0.9886456727981567,0.011354396119713783
0.051148489117622375,0.948851466178894
0.7083200812339783,0.29167991876602173
0.867916464805603,0.13208356499671936
0.6140879392623901,0.3859120309352875
0.9226282238960266,0.07737170159816742
0.9873392581939697,0.012660709209740162
0.9791487455368042,0.020851243287324905
0.1341230869293213,0.8658769130706787
0.15400798618793488,0.8459920287132263
0.9803984761238098,0.01960156485438347
0.12446942925453186,0.8755305409431458
0.125834122300148,0.8741658926010132
0.1683851033449173,0.8316149115562439
0.9836001396179199,0.016399916261434555
0.03131274878978729,0.9686872959136963
0.17930322885513306,0.8206968307495117
0.06997571885585785,0.930024266242981
0.9738144278526306,0.026185592636466026
0.9886377453804016,0.011362309567630291
0.9785757660865784,0.021424179896712303
0.07464011013507843,0.9253599047660828
0.9819918870925903,0.01800808310508728
0.9880417585372925,0.011958219110965729
0.8745111227035522,0.12548892199993134
0.9727554321289062,0.02724452130496502
0.2476406991481781,0.7523593306541443
0.4618931710720062,0.5381067991256714
0.3886069357395172,0.6113930940628052
0.9794875979423523,0.020512348040938377
0.9805766940116882,0.019423339515924454
0.9834242463111877,0.016575733199715614
0.6248401403427124,0.3751598000526428
0.3756420910358429,0.6243578791618347
0.09133349359035492,0.9086664915084839
0.08582385629415512,0.9141761064529419
0.7834687829017639,0.21653127670288086
0.30487000942230225,0.695129930973053
0.15948325395584106,0.8405168056488037
0.13468344509601593,0.8653165698051453
0.9866646528244019,0.013335395604372025
0.048293910920619965,0.9517061114311218
0.07838081568479538,0.921619176864624
0.131243035197258,0.8687570095062256
0.24468256533145905,0.7553173899650574
0.29023799300193787,0.7097620368003845
0.9764043688774109,0.02359568141400814
0.3579826354980469,0.6420173645019531
0.13318033516407013,0.8668197393417358
0.09340336918830872,0.9065966010093689
0.9776977896690369,0.022302180528640747
0.05730162188410759,0.9426983594894409
0.9801695942878723,0.019830454140901566
0.09135753661394119,0.9086424708366394
0.5919595956802368,0.4080404043197632
0.11980335414409637,0.8801966905593872
0.8789858818054199,0.12101411074399948
0.11216379702091217,0.8878361582756042
0.632494330406189,0.3675056993961334
0.12440146505832672,0.8755985498428345
0.0354197695851326,0.964580237865448
0.9891089200973511,0.010891055688261986
0.11660509556531906,0.8833948373794556
0.057536132633686066,0.9424638748168945
0.30485641956329346,0.6951436400413513
0.92469322681427,0.07530675828456879
0.9676661491394043,0.032333794981241226
0.4963334798812866,0.5036665201187134
0.9876760244369507,0.012323939241468906
0.13453476130962372,0.8654652237892151
0.8186954855918884,0.18130448460578918
0.1271430402994156,0.8728569149971008
0.24488238990306854,0.7551175951957703
0.9871728420257568,0.012827130034565926
0.3380568027496338,0.661943256855011
0.8182238936424255,0.18177609145641327
0.9833183288574219,0.01668168418109417
0.9279539585113525,0.07204601913690567
0.5248631238937378,0.4751368463039398
0.08065129071474075,0.9193486571311951
0.769079327583313,0.2309207171201706
0.9771286249160767,0.02287142351269722
0.1705852895975113,0.8294146656990051
0.8775601387023926,0.12243987619876862
0.9880346655845642,0.011965370737016201
0.1130266860127449,0.8869733214378357
0.4869902431964874,0.513009786605835
0.17597201466560364,0.824027955532074
0.468307763338089,0.5316922664642334
0.9275587201118469,0.07244130969047546
0.983070433139801,0.01692957431077957
0.11281582713127136,0.8871841430664062
0.4469820559024811,0.5530179142951965
0.08768542855978012,0.9123145341873169
0.09702171385288239,0.9029783010482788
0.11743301898241043,0.8825670480728149
0.9859143495559692,0.014085579663515091
0.9792370796203613,0.020762944594025612
0.9498282074928284,0.05017181858420372
0.9888862371444702,0.01111379824578762
0.7152532935142517,0.2847467362880707
0.7447522878646851,0.2552477717399597
0.9822165966033936,0.01778339594602585
0.059383243322372437,0.9406167268753052
0.9766552448272705,0.02334480732679367
0.12261787801980972,0.8773820996284485
0.7164764404296875,0.2835234999656677
0.1533498615026474,0.8466501235961914
0.9754244089126587,0.024575602263212204
0.9764878749847412,0.02351207658648491
0.254411518573761,0.7455884218215942
0.9879593849182129,0.012040561065077782
0.9816442131996155,0.018355777487158775
0.986708402633667,0.013291586190462112
0.9853302240371704,0.014669732190668583
0.9892067909240723,0.010793264955282211
0.9825862646102905,0.017413724213838577
0.9853015542030334,0.014698460698127747
0.3729616105556488,0.6270383596420288
0.08247474581003189,0.9175252914428711
0.052887264639139175,0.9471127390861511
0.20227737724781036,0.7977226376533508
0.6062753796577454,0.39372462034225464
0.5602552890777588,0.4397446811199188
0.39749619364738464,0.6025038361549377
0.34978240728378296,0.650217592716217
0.0360504575073719,0.9639495611190796
0.9758074879646301,0.024192480370402336
0.7584576606750488,0.24154233932495117
0.7377379536628723,0.2622620761394501
0.2494162768125534,0.7505837678909302
0.12467066943645477,0.875329315662384
0.8126230835914612,0.18737690150737762
0.7947534322738647,0.20524661242961884
0.9480289816856384,0.05197099968791008
0.07104740291833878,0.9289525747299194
0.27711987495422363,0.7228801846504211
0.054917339235544205,0.9450827240943909
0.11872680485248566,0.8812732100486755
0.17789103090763092,0.8221089243888855
0.9567039608955383,0.043296054005622864
0.533366322517395,0.46663373708724976
0.9837710857391357,0.016228972002863884
0.488568514585495,0.5114315152168274
0.39695191383361816,0.6030481457710266
0.14695177972316742,0.8530482053756714
0.08596717566251755,0.9140327572822571
0.979472815990448,0.02052718587219715
0.25111258029937744,0.7488874197006226
0.9693083763122559,0.030691666528582573
0.04238905757665634,0.9576109647750854
0.9716830849647522,0.02831687219440937
0.038088109344244,0.9619118571281433
0.0758703276515007,0.9241296648979187
0.15599723160266876,0.8440027832984924
0.06249445304274559,0.9375054836273193
0.10977400094270706,0.8902260661125183
0.15444491803646088,0.8455550670623779
0.15901531279087067,0.8409847021102905
0.9853526949882507,0.014647258445620537
0.9116665124893188,0.08833347260951996
0.9857603907585144,0.014239637181162834
0.10857856273651123,0.8914214372634888
0.9801924824714661,0.019807495176792145
0.6201710104942322,0.3798290193080902
0.032236963510513306,0.9677630662918091
0.14855806529521942,0.8514419794082642
0.9872839450836182,0.012716091237962246
0.9869681000709534,0.013031873852014542
0.06210178881883621,0.9378981590270996
0.9795659184455872,0.020434079691767693
0.2880876362323761,0.7119123935699463
0.9866074323654175,0.013392508029937744
0.3893406093120575,0.6106593608856201
0.15647286176681519,0.84352707862854
0.06441844254732132,0.935581624507904
0.1803903728723526,0.8196096420288086
0.9689458608627319,0.031054196879267693
0.11468389630317688,0.8853160738945007
0.5472044348716736,0.4527955651283264
0.08950336277484894,0.9104966521263123
0.1045655757188797,0.8954344391822815
0.21010443568229675,0.7898955941200256
0.7894803285598755,0.2105196714401245
0.2752358615398407,0.7247641682624817
0.3858557939529419,0.6141442060470581
0.21234732866287231,0.7876526713371277
0.04079803079366684,0.959201991558075
0.03866958245635033,0.9613304734230042
0.9811406135559082,0.01885937713086605
0.3045040965080261,0.6954959034919739
0.1048951968550682,0.8951048254966736
0.9836446046829224,0.01635538786649704
0.9491478800773621,0.050852078944444656
0.19100825488567352,0.8089916706085205
0.9892424941062927,0.010757538489997387
0.11451103538274765,0.8854889869689941
0.9760221838951111,0.023977773264050484
0.04044151306152344,0.9595584869384766
0.9841580390930176,0.0158418957144022
0.06496625393629074,0.9350337982177734
0.9872841835021973,0.01271585188806057
0.1707787811756134,0.829221248626709
0.5900715589523315,0.40992844104766846
0.9804266691207886,0.019573286175727844
0.13551613688468933,0.8644838333129883
0.25003665685653687,0.7499633431434631
0.8664674162864685,0.13353261351585388
0.14937813580036163,0.8506218194961548
0.17935509979724884,0.8206449151039124
0.9882573485374451,0.011742668226361275
0.22337226569652557,0.776627779006958
0.9853471517562866,0.014652840793132782
0.08074751496315002,0.9192524552345276
0.9889328479766846,0.011067154817283154
0.06642241030931473,0.9335775375366211
0.12427923828363419,0.875720739364624
0.11679630726575851,0.8832037448883057
0.8432695865631104,0.15673038363456726
0.040950849652290344,0.9590491056442261
0.14539344608783722,0.854606568813324
0.3772434890270233,0.6227565407752991
0.687131404876709,0.312868595123291
0.09457200020551682,0.9054280519485474
0.4148109555244446,0.5851890444755554
0.9313201308250427,0.06867991387844086
0.7863845825195312,0.21361540257930756
0.07687433063983917,0.9231256246566772
0.9701910018920898,0.029809022322297096
0.05622847005724907,0.943771481513977
0.22826087474822998,0.77173912525177
0.14732612669467926,0.8526738882064819
0.9748715758323669,0.025128399953246117
0.051909543573856354,0.9480904936790466
0.9847581386566162,0.015241899527609348
0.1063128411769867,0.8936871886253357
0.8628459572792053,0.13715408742427826
0.04637044668197632,0.9536295533180237
0.9878789782524109,0.012121026404201984
0.9398850202560425,0.06011496111750603
0.08441228419542313,0.9155876636505127
0.9672365188598633,0.03276352211833
0.32749050855636597,0.672509491443634
0.09630469232797623,0.9036953449249268
0.8626793622970581,0.13732057809829712
0.10650409013032913,0.8934959173202515
0.4333069324493408,0.5666930675506592
0.736966609954834,0.26303333044052124
0.16419140994548798,0.8358085751533508
0.07170622050762177,0.9282937049865723
0.1264777034521103,0.8735223412513733
0.9706741571426392,0.029325829818844795
0.23759214580059052,0.7624078392982483
0.3216917812824249,0.6783082485198975
0.9842427968978882,0.01575724221765995
0.7220715284347534,0.27792850136756897
0.06709259748458862,0.9329074025154114
0.09855517745018005,0.9014447927474976
0.07560887932777405,0.9243910908699036
0.9747542142868042,0.02524583972990513
0.4772070646286011,0.5227929353713989
0.3471129536628723,0.6528870463371277
0.21705763041973114,0.7829423546791077
0.03210672363638878,0.9678932428359985
0.9846310019493103,0.015369006432592869
0.28454944491386414,0.7154505848884583
0.8881139755249023,0.11188594251871109
0.5844975113868713,0.4155024290084839
0.8202596306800842,0.17974038422107697
0.3292655348777771,0.6707344651222229
0.10397472232580185,0.8960252404212952
0.04729923605918884,0.9527007341384888
0.6691493988037109,0.33085063099861145
0.45699694752693176,0.5430030226707458
0.3572100102901459,0.6427900195121765
0.09195630252361298,0.908043622970581
0.04468254745006561,0.9553174376487732
0.34920457005500793,0.6507954597473145
0.9765461087226868,0.023453885689377785
0.9885508418083191,0.01144914049655199
0.9245089888572693,0.0754910558462143
0.0943576917052269,0.9056423306465149
0.9845561981201172,0.015443754382431507
0.35510751605033875,0.6448925137519836
0.21499872207641602,0.7850012183189392
0.9696362018585205,0.030363766476511955
0.1305703967809677,0.8694295883178711
0.3468671143054962,0.6531329154968262
0.9875919222831726,0.012408069334924221
0.03846010938286781,0.9615399241447449
0.1419222354888916,0.8580778241157532
0.3774615228176117,0.6225385069847107
0.04932820051908493,0.9506717920303345
0.43761754035949707,0.5623824596405029
0.7490395307540894,0.25096046924591064
0.5600598454475403,0.4399401843547821
0.05300860106945038,0.9469913840293884
0.9825862646102905,0.017413724213838577
0.08023203909397125,0.9197680354118347
0.3557148873806,0.6442851424217224
0.9871403574943542,0.01285970862954855
0.2328191101551056,0.767180860042572
0.34908539056777954,0.6509146094322205
0.606140673160553,0.393859326839447
0.9795892834663391,0.02041066810488701
0.09917903691530228,0.9008209705352783
0.0398622527718544,0.9601377248764038
0.9456669688224792,0.05433300882577896
0.17600305378437042,0.8239969611167908
0.03953428938984871,0.9604657292366028
0.07907947897911072,0.9209205508232117
0.8162843585014343,0.18371565639972687
0.13014061748981476,0.8698593974113464
0.19565458595752716,0.8043453693389893
0.0396571084856987,0.9603429436683655
0.9875558018684387,0.012444213964045048
0.047339100390672684,0.9526609182357788
0.16119912266731262,0.8388009071350098
0.14962299168109894,0.8503770232200623
0.9848635792732239,0.015136434696614742
0.07304095476865768,0.9269590973854065
0.060271065682172775,0.9397289752960205
0.2229284644126892,0.777071475982666
0.8847915530204773,0.11520841717720032
0.058354247361421585,0.9416457414627075
0.9330568313598633,0.06694315373897552
0.3045597970485687,0.6954401731491089
0.08485870808362961,0.9151412844657898
0.07944449037313461,0.9205554723739624
0.9859436750411987,0.014056296087801456
0.1511036604642868,0.8488962650299072
0.6903402805328369,0.3096597194671631
0.16510401666164398,0.8348959684371948
0.9841752648353577,0.015824755653738976
0.9850377440452576,0.014962265267968178
0.9803656935691833,0.019634267315268517
0.9307016134262085,0.06929837912321091
0.06749890744686127,0.9325010776519775
0.05750374495983124,0.9424962997436523
0.217100128531456,0.7828999161720276
0.17039768397808075,0.8296023607254028
0.979017972946167,0.020982006564736366
0.9333596229553223,0.06664033234119415
0.1325349062681198,0.8674651384353638
0.8972126245498657,0.1027873083949089
0.9700927138328552,0.02990731969475746
0.15372203290462494,0.8462780117988586
0.07041460275650024,0.929585337638855
0.9755651950836182,0.024434788152575493
0.1985808163881302,0.801419198513031
0.9875982403755188,0.012401741929352283
0.03555769473314285,0.964442253112793
0.8757244944572449,0.12427547574043274
0.986203670501709,0.013796376995742321
0.2614254057407379,0.7385745644569397
0.9407901167869568,0.05920989811420441
0.6280720233917236,0.37192797660827637
0.08607040345668793,0.9139295816421509
0.9258452653884888,0.07415471225976944
0.4399038851261139,0.5600961446762085
0.2191106528043747,0.7808892726898193
0.9843881130218506,0.015611915849149227
0.9873135685920715,0.012686409056186676
0.04506310075521469,0.9549369215965271
0.9781450629234314,0.021855007857084274
0.9882148504257202,0.011785155162215233
0.15250374376773834,0.8474962711334229
0.7271802425384521,0.27281975746154785
0.977344810962677,0.022655265405774117
0.45645976066589355,0.5435401797294617
0.43581393361091614,0.5641860961914062
0.22505822777748108,0.7749417424201965
0.0725436806678772,0.9274563193321228
0.25527051091194153,0.7447294592857361
0.09001296758651733,0.9099870324134827
0.056012023240327835,0.943988025188446
0.3763749599456787,0.6236250400543213
0.9868865609169006,0.013113413006067276
0.9657357931137085,0.03426416590809822
0.2199748307466507,0.7800251245498657
0.1639968901872635,0.8360030651092529
0.2511936128139496,0.748806357383728
0.24099186062812805,0.7590081095695496
0.23682193458080292,0.7631780505180359
0.9890318512916565,0.010968191549181938
0.09914399683475494,0.9008560180664062
0.9864381551742554,0.013561874628067017
0.2955555319786072,0.7044444680213928
0.07244426757097244,0.9275557398796082
0.19660939276218414,0.803390622138977
0.3014777898788452,0.69852215051651
0.05913568288087845,0.9408643245697021
0.08915089070796967,0.9108490943908691
0.18479381501674652,0.8152062296867371
0.36498889327049255,0.6350110769271851
0.06795531511306763,0.9320446848869324
0.19853773713111877,0.8014622330665588
0.3983965218067169,0.6016035079956055
0.10250452905893326,0.897495448589325
0.08380712568759918,0.916192889213562
0.033668722957372665,0.9663313031196594
0.8201190233230591,0.17988096177577972
0.09582211822271347,0.9041779041290283
0.713777482509613,0.2862224876880646
0.9726811051368713,0.027318917214870453
0.9840899109840393,0.015910087153315544
0.09024003148078918,0.9097599387168884
0.11939384043216705,0.8806061744689941
0.07615769654512405,0.9238422513008118
0.29617825150489807,0.7038217782974243
0.1384839564561844,0.8615161180496216
0.9858183264732361,0.014181655831634998
0.5500834584236145,0.4499165713787079
0.8323817253112793,0.16761824488639832
0.10963226109743118,0.8903677463531494
0.15577790141105652,0.8442221283912659
0.2831776440143585,0.7168223857879639
0.1531892865896225,0.8468107581138611
0.22714640200138092,0.7728536128997803
0.9658772349357605,0.03412278741598129
0.8128510117530823,0.18714895844459534
0.9844051003456116,0.015594937838613987
0.1823829710483551,0.8176170587539673
0.4038245379924774,0.596175491809845
0.05270741134881973,0.9472925662994385
0.05201875790953636,0.9479812383651733
0.9865663647651672,0.013433677144348621
0.9844465851783752,0.015553486533463001
0.1719464808702469,0.8280535340309143
0.337627112865448,0.662372887134552
0.23216496407985687,0.7678350806236267
0.09694335609674454,0.9030566811561584
0.16129644215106964,0.8387035727500916
0.08637762814760208,0.9136223196983337
0.9812130331993103,0.01878698728978634
0.08692776411771774,0.9130722284317017
0.4884701073169708,0.5115298628807068
0.4729870557785034,0.5270129442214966
0.9848076105117798,0.015192380174994469
0.04978208243846893,0.9502179026603699
0.05503743141889572,0.9449626207351685
0.08700370043516159,0.9129962921142578
0.9857004880905151,0.014299492351710796
0.3208935856819153,0.6791064143180847
0.5477308630943298,0.4522690773010254
0.5549027919769287,0.4450971484184265
0.09030300378799438,0.9096969962120056
0.983918309211731,0.01608174294233322
0.13990269601345062,0.8600972890853882
0.23634487390518188,0.7636551260948181
0.9897026419639587,0.01029732171446085
0.12557242810726166,0.8744275569915771
0.9751010537147522,0.024898968636989594
0.13376657664775848,0.8662334084510803
0.717511773109436,0.28248822689056396
0.05817065015435219,0.9418293237686157
0.39119774103164673,0.6088022589683533
0.3315475881099701,0.6684523820877075
0.22253768146038055,0.7774622440338135
0.900806188583374,0.09919383376836777
0.08413418382406235,0.9158657789230347
0.12432748079299927,0.8756725192070007
0.0893130749464035,0.9106869697570801
0.9872839450836182,0.012716091237962246
0.5736991167068481,0.42630091309547424
0.14286215603351593,0.8571377992630005
0.9562778472900391,0.043722160160541534
0.08104591071605682,0.918954074382782
0.15406955778598785,0.8459303975105286
0.14132560789585114,0.8586743474006653
0.35946130752563477,0.64053875207901
0.19423668086528778,0.8057632446289062
0.956488311290741,0.043511684983968735
0.4810761511325836,0.5189238786697388
0.04293340444564819,0.957066535949707
0.051616400480270386,0.948383629322052
0.8461740016937256,0.1538260132074356
0.9823968410491943,0.017603186890482903
0.6820035576820374,0.31799647212028503
0.15038013458251953,0.8496198654174805
0.2128012478351593,0.7871987819671631
0.24608632922172546,0.7539137005805969
0.9845802783966064,0.015419757924973965
0.9071293473243713,0.09287066012620926
0.07639212906360626,0.9236079454421997
0.5061290264129639,0.49387094378471375
0.8552952408790588,0.14470480382442474
0.5132142901420593,0.4867856502532959
0.09749067574739456,0.9025093913078308
0.9873801469802856,0.012619788758456707
0.457275927066803,0.542724072933197
0.9503237009048462,0.04967629909515381
0.864180326461792,0.1358197033405304
0.1825902909040451,0.8174096941947937
0.0710483118891716,0.928951621055603
0.0506170317530632,0.9493829011917114
0.21121323108673096,0.7887867093086243
0.9581194519996643,0.041880544275045395
0.6919633150100708,0.3080367147922516
0.19551804661750793,0.8044819831848145
0.05171887204051018,0.9482811689376831
0.3043440282344818,0.6956560015678406
0.9800443053245544,0.01995568908751011
0.11119990795850754,0.8888000845909119
0.08301170915365219,0.9169883131980896
0.18570883572101593,0.8142911791801453
0.5640463829040527,0.43595361709594727
0.23610259592533112,0.7638974189758301
0.9273613095283508,0.07263872772455215
0.8518500924110413,0.14814990758895874
0.9854109287261963,0.014589075930416584
0.751989483833313,0.24801048636436462
0.9864140152931213,0.013585970737040043
0.05649946630001068,0.9435005784034729
0.9776031374931335,0.022396937012672424
0.9863341450691223,0.013665823265910149
0.08824552595615387,0.9117544889450073
0.3107169270515442,0.6892830729484558
0.9863339066505432,0.01366607379168272
0.09797299653291702,0.9020270705223083
0.26344069838523865,0.7365593314170837
0.9843169450759888,0.015682987868785858
0.8949365615844727,0.10506345331668854
0.9866499304771423,0.0133500462397933
0.8271209001541138,0.17287909984588623
0.4325335919857025,0.5674663782119751
0.5460713505744934,0.45392870903015137
0.33274075388908386,0.6672592759132385
0.050430506467819214,0.9495694637298584
0.9747424125671387,0.025257540866732597
0.18059346079826355,0.8194065093994141
0.06384270638227463,0.9361572861671448
0.9772393703460693,0.022760678082704544
0.07232831418514252,0.9276717305183411
0.18978463113307953,0.8102152943611145
0.38150835037231445,0.6184916496276855
0.2592487037181854,0.740751326084137
0.0819753035902977,0.9180247187614441
0.14497268199920654,0.8550273180007935
0.17416413128376007,0.8258358836174011
0.13653305172920227,0.8634669184684753
0.2750633656978607,0.7249366641044617
0.9608526825904846,0.039147377014160156
0.4019358456134796,0.598064124584198
0.048638734966516495,0.9513612389564514
0.11174993216991425,0.8882500529289246
0.9840372800827026,0.015962693840265274
0.8272046446800232,0.1727953851222992
0.9845624566078186,0.015437526628375053
0.08752144873142242,0.9124785661697388
0.8724455237388611,0.12755446135997772
0.2662156820297241,0.7337843775749207
0.07439667731523514,0.9256033301353455
0.7582319974899292,0.241768017411232
0.07233677804470062,0.9276632070541382
0.15627914667129517,0.8437207937240601
0.6758922338485718,0.3241077661514282
0.8520914912223816,0.1479085385799408
0.9875493049621582,0.012450709007680416
0.5385007858276367,0.46149924397468567
0.054344337433576584,0.9456557035446167
0.365779310464859,0.6342206597328186
0.06621105968952179,0.9337889552116394
0.21301642060279846,0.7869835495948792
0.07065412402153015,0.9293459057807922
0.9745162725448608,0.025483734905719757
0.16997864842414856,0.830021321773529
0.06876855343580246,0.9312314391136169
0.25731584429740906,0.7426841259002686
0.08951497077941895,0.910485029220581
0.4876556694507599,0.5123443007469177
0.05390655994415283,0.9460934996604919
0.9868614077568054,0.013138563372194767
0.9836614727973938,0.016338495537638664
0.3452453017234802,0.6547546982765198
0.4799225926399231,0.5200774669647217
0.9142849445343018,0.08571512997150421
0.8801933526992798,0.1198066771030426
0.29373490810394287,0.7062650918960571
0.975890576839447,0.02410946972668171
0.9770700931549072,0.02292986772954464
0.22126737236976624,0.7787325978279114
0.10907412320375443,0.8909258842468262
0.08764174580574036,0.912358283996582
0.061978865414857864,0.938021183013916
0.4644910991191864,0.535508930683136
0.9854426383972168,0.014557335525751114
0.0833759605884552,0.9166240692138672
0.12030652910470963,0.8796934485435486
0.10240717977285385,0.8975927829742432
0.07816684991121292,0.9218331575393677
0.30369508266448975,0.6963049173355103
0.039927348494529724,0.9600726366043091
0.9872660636901855,0.012733973562717438
0.06778141856193542,0.9322185516357422
0.20204369723796844,0.7979562878608704
0.10520384460687637,0.8947961330413818
0.9859500527381897,0.01404990628361702
0.036615271121263504,0.963384747505188
0.0623527429997921,0.93764728307724
0.16374191641807556,0.8362581133842468
0.9709484577178955,0.029051605612039566
0.9858259558677673,0.01417398452758789
0.7552639842033386,0.24473600089550018
0.08367186784744263,0.9163280725479126
0.13603952527046204,0.8639605045318604
0.987594485282898,0.012405509129166603
0.07797326147556305,0.9220266938209534
0.2353549301624298,0.7646450400352478
0.380645215511322,0.619354784488678
0.21746952831745148,0.7825304865837097
0.13280466198921204,0.8671953678131104
0.25195854902267456,0.7480414509773254
0.8810858726501465,0.11891410499811172
0.2067105621099472,0.7932894229888916
0.9823567867279053,0.017643164843320847
0.2040785551071167,0.7959214448928833
0.056361544877290726,0.9436384439468384
0.9831883311271667,0.01681162789463997
0.07044065743684769,0.9295594096183777
0.9825862646102905,0.017413724213838577
0.9727286100387573,0.027271421626210213
0.7940446734428406,0.20595534145832062
0.12997332215309143,0.870026707649231
0.436620831489563,0.563379168510437
0.9525961875915527,0.04740382730960846
0.8561846017837524,0.14381539821624756
0.05621713772416115,0.9437828660011292
0.986459493637085,0.013540509156882763
0.7257341742515564,0.274265855550766
0.09210391342639923,0.9078961610794067
0.3520391583442688,0.6479607820510864
0.9534443020820618,0.04655572772026062
0.17286081612110138,0.827139139175415
0.26697176694869995,0.7330282330513
0.5992273688316345,0.4007726013660431
0.20790159702301025,0.7920984029769897
0.1865236908197403,0.8134763240814209
0.7431697845458984,0.2568301558494568
0.5979450941085815,0.4020548462867737
0.9878684878349304,0.012131455354392529
0.10022394359111786,0.8997761011123657
0.9829534292221069,0.017046570777893066
0.9453639984130859,0.05463598296046257
0.870208740234375,0.1297912299633026
0.030594170093536377,0.9694058299064636
0.04462135210633278,0.9553787112236023
0.9864313006401062,0.013568708673119545
0.9162397980690002,0.08376017957925797
0.44583433866500854,0.5541656613349915
0.23876598477363586,0.7612339854240417
0.4627877175807953,0.5372123122215271
0.08827996253967285,0.9117199778556824
0.4886014461517334,0.5113985538482666
0.048313505947589874,0.951686441898346
0.9093366861343384,0.0906633511185646
0.9837291836738586,0.016270803287625313
0.10327300429344177,0.8967270255088806
0.16293197870254517,0.8370679616928101
0.9831079244613647,0.016892140731215477
0.07884714007377625,0.9211528301239014
0.03025062568485737,0.9697493314743042
0.493010014295578,0.5069899559020996
0.1994832456111908,0.8005167841911316
0.32254284620285034,0.6774571537971497
0.1073821559548378,0.8926178216934204
0.9793707132339478,0.02062929794192314
0.37668877840042114,0.6233112215995789
0.9606862664222717,0.03931372985243797
0.6468562483787537,0.35314369201660156
0.19888155162334442,0.8011184334754944
0.9067234396934509,0.09327659755945206
0.17237405478954315,0.8276259303092957
0.07661164551973343,0.9233883023262024
0.7470384240150452,0.25296157598495483
0.09151078015565872,0.9084892272949219
0.2746037542819977,0.7253962159156799
0.2600882947444916,0.739911675453186
0.9845965504646301,0.01540343463420868
0.39207005500793457,0.6079299449920654
0.984621524810791,0.01537853479385376
0.9748573899269104,0.025142638012766838
0.9485155344009399,0.05148446187376976
0.2544874846935272,0.7455124855041504
0.0325053371489048,0.9674946069717407
0.10088638961315155,0.899113655090332
0.05593398958444595,0.9440659880638123
0.06828122586011887,0.9317187666893005
0.30363768339157104,0.696362316608429
0.07511474937200546,0.9248853325843811
0.18463322520256042,0.8153667449951172
0.1321757286787033,0.8678242564201355
0.06388494372367859,0.9361150860786438
0.08914434909820557,0.9108556509017944
0.9844833016395569,0.015516659244894981
0.42340540885925293,0.5765945911407471
0.9719721078872681,0.028027862310409546
0.9767638444900513,0.023236222565174103
0.966343879699707,0.03365615755319595
0.2933654487133026,0.7066345810890198
0.46028953790664673,0.5397104620933533
0.10939982533454895,0.8906001448631287
0.738078236579895,0.26192179322242737
0.5184135437011719,0.4815864562988281
0.9400428533554077,0.05995714291930199
0.027439890429377556,0.9725601077079773
0.03826726973056793,0.9617327451705933
0.03861245512962341,0.9613875150680542
0.25329121947288513,0.7467087507247925
0.2675198018550873,0.7324802279472351
0.7740150094032288,0.22598503530025482
0.6183199286460876,0.38168010115623474
0.48815205693244934,0.511847972869873
0.15615901350975037,0.8438409566879272
0.2745053768157959,0.7254946231842041
0.05155857279896736,0.9484414458274841
0.08074440062046051,0.9192555546760559
0.984928548336029,0.015071431174874306
0.07859619706869125,0.9214038252830505
0.9880608320236206,0.011939140036702156
0.9870858788490295,0.01291409321129322
0.10343305766582489,0.8965668678283691
0.5038841366767883,0.4961158037185669
0.9315114617347717,0.06848855316638947
0.9829298257827759,0.017070196568965912
0.24319253861904144,0.7568074464797974
0.9870733022689819,0.01292666420340538
0.3756343424320221,0.6243656277656555
0.09255107492208481,0.9074488878250122
0.985805094242096,0.01419484056532383
0.12678015232086182,0.8732197880744934
0.9796932935714722,0.02030673250555992
0.9574730396270752,0.042526938021183014
0.4206826686859131,0.5793173313140869
0.07513364404439926,0.9248663187026978
0.12588177621364594,0.8741182088851929
0.9804531335830688,0.019546829164028168
0.10912718623876572,0.8908727765083313
0.0761847123503685,0.9238153100013733
0.1899787187576294,0.8100212812423706
0.2007790207862854,0.7992209792137146
0.05775856971740723,0.9422414302825928
0.9502334594726562,0.04976651072502136
0.5567387938499451,0.44326120615005493
0.9804717898368835,0.019528180360794067
0.3526676893234253,0.6473323106765747
0.9289501309394836,0.07104986906051636
0.1808004379272461,0.8191996216773987
0.47749507427215576,0.5225048661231995
0.2831348180770874,0.7168651819229126
0.3764626681804657,0.6235373020172119
0.48750635981559753,0.5124936103820801
0.7969585061073303,0.20304156839847565
0.07758605480194092,0.9224140048027039
0.054533690214157104,0.9454662799835205
0.9842774868011475,0.015722544863820076
0.9869490265846252,0.013050943613052368
0.06539663672447205,0.9346033334732056
0.9144840836524963,0.08551596105098724
0.9870290756225586,0.012970978394150734
0.10516226291656494,0.8948377370834351
0.6975831389427185,0.3024168610572815
0.9600891470909119,0.03991086781024933
0.7740326523780823,0.2259674221277237
0.1425926387310028,0.8574073910713196
0.11820443719625473,0.8817955851554871
0.8594131469726562,0.14058688282966614
0.984923243522644,0.015076740644872189
0.2293061912059784,0.770693838596344
0.9856535792350769,0.014346378855407238
0.981762170791626,0.018237801268696785
0.9778769612312317,0.022123083472251892
0.9560555219650269,0.04394443333148956
0.46016553044319153,0.5398344397544861
0.05407380312681198,0.9459261894226074
0.15728206932544708,0.8427179455757141
0.17822031676769257,0.8217796683311462
0.06229625269770622,0.9377037882804871
0.9778602123260498,0.02213975228369236
0.9884899258613586,0.0115100909024477
0.9825257062911987,0.017474286258220673
0.46063706278800964,0.539362907409668
0.8889409899711609,0.11105906218290329
0.9748445749282837,0.025155339390039444
0.9839091897010803,0.016090767458081245
0.06380677968263626,0.9361932277679443
0.630908191204071,0.36909186840057373
0.945231556892395,0.054768431931734085
0.4368247389793396,0.5631752610206604
0.12138812243938446,0.8786118626594543
0.6063360571861267,0.3936639428138733
0.6037968993186951,0.3962031304836273
0.3976171612739563,0.6023828387260437
0.274222731590271,0.725777268409729
0.9288704991340637,0.07112950831651688
0.13913115859031677,0.8608688116073608
0.19251631200313568,0.8074836730957031
0.9886066317558289,0.011393380351364613
0.6449294686317444,0.355070561170578
0.7694029211997986,0.23059704899787903
0.457069993019104,0.5429299473762512
0.9857956171035767,0.014204345643520355
0.06169743090867996,0.9383025765419006
0.9394880533218384,0.0605119988322258
0.7986444234848022,0.20135556161403656
0.36564168334007263,0.6343583464622498
0.9800933003425598,0.0199066661298275
0.062309637665748596,0.9376903772354126
0.05423659086227417,0.945763349533081
0.9688954949378967,0.03110450506210327
0.5812810063362122,0.41871902346611023
0.4740857183933258,0.5259143114089966
0.7493780851364136,0.2506219446659088
0.7581263780593872,0.24187354743480682
0.18009787797927856,0.8199021220207214
0.04918006435036659,0.9508199691772461
0.12712696194648743,0.8728730082511902
0.04200659692287445,0.9579933881759644
0.46772295236587524,0.5322770476341248
0.2891184985637665,0.7108815312385559
0.10264147818088531,0.8973585367202759
0.08134419471025467,0.9186558127403259
0.9554629325866699,0.04453713074326515
0.6047056317329407,0.3952944278717041
0.9850817918777466,0.014918152242898941
0.06263574957847595,0.9373642802238464
0.1332876980304718,0.8667123317718506
0.9821839332580566,0.01781601645052433
0.18301954865455627,0.8169804215431213
0.18782584369182587,0.8121741414070129
0.7095299363136292,0.2904700040817261
0.11407917737960815,0.8859208226203918
0.48745813965797424,0.5125418305397034
0.9841352105140686,0.015864795073866844
0.9801633954048157,0.019836613908410072
0.8701010942459106,0.12989896535873413
0.17048953473567963,0.8295104503631592
0.5850695371627808,0.41493043303489685
0.8477969169616699,0.15220309793949127
0.9888540506362915,0.011146005243062973
0.036568667739629745,0.9634312987327576
0.9780687093734741,0.02193131111562252
0.09835266321897507,0.9016473889350891
0.9812136292457581,0.018786363303661346
0.8683850169181824,0.1316150277853012
0.0911010354757309,0.9088990092277527
0.9169638156890869,0.0830361396074295
0.9776356816291809,0.022364338859915733
0.09197861701250076,0.9080213308334351
0.5360070466995239,0.4639929234981537
0.13889560103416443,0.861104428768158
0.0853758454322815,0.9146241545677185
0.9699739217758179,0.03002612479031086
0.42700624465942383,0.5729937553405762
0.7408965826034546,0.2591034471988678
0.8166772127151489,0.1833227276802063
0.9812549352645874,0.01874508336186409
0.9029752016067505,0.09702476859092712
0.4446413218975067,0.5553587079048157
0.6146997809410095,0.3853002190589905
0.08456375449895859,0.9154362082481384
0.09459676593542099,0.9054032564163208
0.688209056854248,0.31179091334342957
0.9832620620727539,0.016737962141633034
0.9397515058517456,0.060248542577028275
0.9693130850791931,0.03068697080016136
0.9191934466362,0.08080659061670303
0.9589645862579346,0.04103538393974304
0.11554865539073944,0.8844513297080994
0.1749771237373352,0.8250228762626648
0.9181722402572632,0.08182777464389801
0.05860311537981033,0.9413968920707703
0.9713640809059143,0.028635913506150246
0.9858317375183105,0.01416825596243143
0.043143969029188156,0.9568560719490051
0.12049514800310135,0.8795047998428345
0.9829652905464172,0.017034776508808136
0.1590922325849533,0.8409077525138855
0.9692506194114685,0.030749348923563957
0.9286202192306519,0.07137975841760635
0.1745963841676712,0.8254035711288452
0.9873582124710083,0.012641847133636475
0.14146527647972107,0.8585347533226013
0.4250703752040863,0.5749296545982361
0.9888015985488892,0.01119838748127222
0.9846104383468628,0.015389570035040379
0.23993903398513794,0.7600609660148621
0.0880107581615448,0.9119892120361328
0.2163531482219696,0.783646821975708
0.4107814133167267,0.5892186164855957
0.9740282893180847,0.02597174234688282
0.9884627461433411,0.011537211015820503
0.05037301778793335,0.9496269822120667
0.7966009378433228,0.20339909195899963
0.5870346426963806,0.4129652976989746
0.9630313515663147,0.03696863353252411
0.5170193314552307,0.4829806089401245
0.12834684550762177,0.8716531991958618
0.08946128189563751,0.9105386734008789
0.07690685987472534,0.9230931401252747
0.5968791842460632,0.4031207859516144
0.9652445316314697,0.034755535423755646
0.9862209558486938,0.013778998516499996
0.07921255379915237,0.920787513256073
0.08953262865543365,0.9104674458503723
0.03878524526953697,0.9612147808074951
0.9879930019378662,0.012006988748908043
0.07797542959451675,0.9220245480537415
0.6563927531242371,0.34360724687576294
0.9819657206535339,0.018034303560853004
0.25123149156570435,0.7487685084342957
0.0900646224617958,0.9099354147911072
0.26412391662597656,0.7358760237693787
0.07657323032617569,0.9234267473220825
0.9794039130210876,0.020596172660589218
0.26327642798423767,0.7367235422134399
0.4476316273212433,0.5523684024810791
0.937237024307251,0.06276299059391022
0.38529184460639954,0.6147081255912781
0.9795626401901245,0.020437393337488174
0.2013985961675644,0.7986013889312744
0.956886887550354,0.04311311990022659
0.6065241694450378,0.39347586035728455
0.08616483956575394,0.9138351082801819
0.052805401384830475,0.9471945762634277
0.9825829267501831,0.017417097464203835
0.9670052528381348,0.03299475461244583
0.22837898135185242,0.77162104845047
0.2226635366678238,0.7773364782333374
0.982176661491394,0.01782326027750969
0.9872919321060181,0.012708048336207867
0.9843512773513794,0.015648702159523964
0.1684412658214569,0.8315587043762207
0.03295236825942993,0.9670475721359253
0.1239939033985138,0.8760060667991638
0.07069095969200134,0.929309070110321
0.9791833758354187,0.020816659554839134
0.3016085922718048,0.6983913779258728
0.02774609625339508,0.9722539186477661
0.8683546185493469,0.13164541125297546
0.9879774451255798,0.012022634036839008
0.9612073302268982,0.03879263997077942
0.596371054649353,0.40362897515296936
0.5850145816802979,0.41498538851737976
0.491940975189209,0.508059024810791
0.44172659516334534,0.5582733750343323
0.060790278017520905,0.9392096996307373
0.0528305284678936,0.9471694231033325
0.31809931993484497,0.6819006204605103
0.5746564865112305,0.4253435432910919
0.723404586315155,0.27659541368484497
0.49687841534614563,0.5031216144561768
0.8759703040122986,0.12402969598770142
0.03472549095749855,0.9652745127677917
0.9554629325866699,0.04453713074326515
0.7145013213157654,0.28549864888191223
0.24046914279460907,0.7595308423042297
0.9360825419425964,0.06391748785972595
0.9817711114883423,0.018228882923722267
0.9762840270996094,0.023715952411293983
0.9155747890472412,0.08442520350217819
0.9810645580291748,0.018935488536953926
0.8254685401916504,0.17453143000602722
0.1613984853029251,0.8386015295982361
0.03648633882403374,0.9635136723518372
0.07704097777605057,0.9229589700698853
0.977766752243042,0.02223321609199047
0.2989184558391571,0.7010815143585205
0.987274169921875,0.012725853361189365
0.1288767158985138,0.8711233139038086
0.0960136279463768,0.9039863348007202
0.05971567705273628,0.9402843117713928
0.2083122730255127,0.7916877865791321
0.3652985394001007,0.6347014307975769
0.1680886596441269,0.8319113254547119
0.9753139615058899,0.024686099961400032
0.9468753337860107,0.05312469229102135
0.5600254535675049,0.43997448682785034
0.7317777276039124,0.26822224259376526
0.09373220801353455,0.9062678217887878
0.09362807124853134,0.9063718914985657
0.5534176230430603,0.4465823471546173
0.9475440979003906,0.0524558424949646
0.9880010485649109,0.011998964473605156
0.3032090663909912,0.6967909932136536
0.1298130601644516,0.8701869249343872
0.985714852809906,0.014285163953900337
0.06652587652206421,0.933474063873291
0.9886829257011414,0.01131700724363327
0.509371817111969,0.490628182888031
0.08762183785438538,0.9123781323432922
0.027154341340065002,0.9728456735610962
0.3657308518886566,0.6342691779136658
0.3414479196071625,0.6585521101951599
0.16612473130226135,0.8338752388954163
0.05604410544037819,0.9439559578895569
0.0956571102142334,0.9043428897857666
0.9575686454772949,0.04243136942386627
0.09373711049556732,0.9062629342079163
0.14999443292617798,0.850005567073822
0.5533483028411865,0.4466516971588135
0.9769971370697021,0.023002872243523598
0.3705950379371643,0.6294049620628357
0.03846351057291031,0.9615365266799927
0.3069048225879669,0.6930951476097107
0.08612342178821564,0.9138765335083008
0.9823415279388428,0.017658554017543793
0.19103890657424927,0.8089610934257507
0.9801091551780701,0.0198909230530262
0.9853790998458862,0.014620909467339516
0.3411421775817871,0.6588578224182129
0.43249866366386414,0.5675013661384583
0.22972986102104187,0.7702701687812805
0.07120855897665024,0.9287914037704468
0.09744533151388168,0.9025546908378601
0.12755697965621948,0.8724430799484253
0.26423022150993347,0.7357698082923889
0.8906149864196777,0.10938506573438644
0.5599401593208313,0.4400598406791687
0.9216440916061401,0.07835593074560165
0.9841893315315247,0.015810612589120865
0.8879028558731079,0.11209718137979507
0.9561020731925964,0.043897971510887146
0.9356127977371216,0.06438715010881424
0.964539110660553,0.03546089679002762
0.09551256895065308,0.9044874310493469
0.19749392569065094,0.8025060892105103
0.6817514300346375,0.3182485103607178
0.14257849752902985,0.8574215173721313
0.6054551005363464,0.3945448696613312
0.32680413126945496,0.6731958985328674
0.6442446708679199,0.3557553291320801
0.9715121388435364,0.02848786674439907
0.3598456382751465,0.6401543617248535
0.1237303614616394,0.8762696385383606
0.09315896779298782,0.9068410396575928
0.16599953174591064,0.8340004682540894
0.9699392914772034,0.0300607793033123
0.1888210028409958,0.811178982257843
0.15191122889518738,0.8480887413024902
0.2841106653213501,0.7158893346786499
0.05357339233160019,0.9464266300201416
0.9837710857391357,0.016228972002863884
0.8793244957923889,0.12067552655935287
0.22046343982219696,0.7795364856719971
0.989180326461792,0.010819683782756329
0.5414007306098938,0.4585992693901062
0.9532312154769897,0.046768803149461746
0.9792423248291016,0.020757639780640602
0.0698692575097084,0.9301307201385498
0.0739319920539856,0.9260679483413696
0.1283867061138153,0.8716133236885071
0.9859582781791687,0.014041719026863575
0.2816319465637207,0.7183680534362793
0.8032253980636597,0.19677460193634033
0.9770308136940002,0.022969169542193413
0.14713603258132935,0.8528639674186707
0.2665580213069916,0.733441948890686
0.2389037311077118,0.7610962390899658
0.9754236340522766,0.024576399475336075
0.22146999835968018,0.7785300016403198
0.3500541150569916,0.649945855140686
0.34295526146888733,0.6570447087287903
0.12119563668966293,0.8788043856620789
0.9587159156799316,0.041284073144197464
0.9891828894615173,0.010817110538482666
0.08207161724567413,0.9179283976554871
0.5128578543663025,0.4871421158313751
0.12193629145622253,0.8780637383460999
0.988734245300293,0.011265807785093784
0.36160576343536377,0.6383942365646362
0.9713502526283264,0.028649743646383286
0.7073626518249512,0.2926373779773712
0.9845580458641052,0.0154419569298625
0.9614577293395996,0.03854227811098099
0.034235186874866486,0.9657648205757141
0.08858662843704224,0.9114134311676025
0.7994335889816284,0.200566366314888
0.9747232794761658,0.02527666464447975
0.7127470970153809,0.28725290298461914
0.9781216382980347,0.021878374740481377
0.1590423732995987,0.8409576416015625
0.04360652714967728,0.9563935399055481
0.9828754663467407,0.017124583944678307
0.06789153814315796,0.932108461856842
0.9619289040565491,0.038071028888225555
0.9777255058288574,0.022274520248174667
0.5238828659057617,0.47611716389656067
0.9174906611442566,0.08250927925109863
0.05351722985506058,0.94648277759552
0.967462956905365,0.03253703936934471
0.08706691116094589,0.9129331111907959
0.7440066933631897,0.2559932768344879
0.5507546663284302,0.44924530386924744
0.06596188992261887,0.9340380430221558
0.37601742148399353,0.6239825487136841
0.8618273735046387,0.13817259669303894
0.9846969842910767,0.015303026884794235
0.05359994247555733,0.9464000463485718
0.8781528472900391,0.12184711545705795
0.8103165626525879,0.18968340754508972
0.06634676456451416,0.9336532354354858
0.5950770974159241,0.40492284297943115
0.7657071352005005,0.2342928946018219
0.0919991135597229,0.9080008864402771
0.12730196118354797,0.8726980090141296
0.9678468108177185,0.03215322643518448
0.9225368499755859,0.07746312767267227
0.12305597960948944,0.8769440054893494
0.14471901953220367,0.8552809953689575
0.9756852388381958,0.024314764887094498
0.9816116690635681,0.018388304859399796
0.0614643357694149,0.9385356307029724
0.46359744668006897,0.5364025831222534
0.8736521005630493,0.1263478845357895
0.9300861358642578,0.06991386413574219
0.7003232836723328,0.2996767461299896
0.985262393951416,0.014737625606358051
0.16666632890701294,0.8333337306976318
0.07016793638467789,0.9298320412635803
0.1083735004067421,0.8916264772415161
0.1135774478316307,0.8864225149154663
0.7574888467788696,0.24251115322113037
0.43852078914642334,0.5614792108535767
0.8820709586143494,0.11792898923158646
0.09599896520376205,0.9040010571479797
0.065231092274189,0.9347689151763916
0.09244221448898315,0.9075577259063721
0.36768049001693726,0.6323195695877075
0.15076151490211487,0.8492385149002075
0.9863654375076294,0.01363451313227415
0.31367194652557373,0.686328113079071
0.9820553660392761,0.017944607883691788
0.46203798055648804,0.5379620790481567
0.9852524399757385,0.014747572131454945
0.6268988847732544,0.373101145029068
0.9872121214866638,0.012787851504981518
0.09827658534049988,0.9017233848571777
0.3451956510543823,0.6548043489456177
0.2509807348251343,0.7490192651748657
0.09537619352340698,0.904623806476593
0.9868228435516357,0.013177112676203251
0.8283405303955078,0.1716594696044922
0.5820201635360718,0.41797980666160583
0.0997636690735817,0.9002363085746765
0.9876076579093933,0.012392401695251465
0.47734856605529785,0.5226514339447021
0.988370418548584,0.011629605665802956
0.9732831716537476,0.026716826483607292
0.4342379868030548,0.5657620429992676
0.9453020095825195,0.054698023945093155
0.9818555116653442,0.018144527450203896
0.14381642639636993,0.856183648109436
0.9848163723945618,0.015183614566922188
0.17730771005153656,0.8226922750473022
0.9267933964729309,0.0732065737247467
0.9737091064453125,0.026290863752365112
0.09102564305067062,0.9089743494987488
0.20731757581233978,0.7926824688911438
0.3289857804775238,0.6710142493247986
0.12986630201339722,0.870133638381958
0.17262552678585052,0.8273744583129883
0.98009192943573,0.019908079877495766
0.145419642329216,0.8545804023742676
0.03693815693259239,0.9630618691444397
0.9778398275375366,0.02216014266014099
0.14722654223442078,0.8527734875679016
0.9038730263710022,0.096126988530159
0.8711439371109009,0.1288561224937439
0.07706843316555023,0.9229315519332886
0.8578320741653442,0.14216794073581696
0.6118690967559814,0.3881308436393738
0.13874970376491547,0.8612502813339233
0.9862475991249084,0.013752354308962822
0.09245909005403519,0.9075408577919006
0.6180831789970398,0.3819168508052826
0.5568776726722717,0.4431222975254059
0.21393755078315735,0.7860624194145203
0.057383108884096146,0.942616879940033
0.9784768223762512,0.021523188799619675
0.6812161803245544,0.31878378987312317
0.2951611280441284,0.7048388719558716
0.10695326328277588,0.8930467963218689
0.7982462048530579,0.20175376534461975
0.19105781614780426,0.8089421391487122
0.44851598143577576,0.5514840483665466
0.04018509015440941,0.9598149657249451
0.5018730759620667,0.49812692403793335
0.9571730494499207,0.04282701388001442
0.9796621799468994,0.020337888970971107
0.15265348553657532,0.8473465442657471
0.13250096142292023,0.867499053478241
0.9770261645317078,0.022973794490098953
0.980703592300415,0.01929638162255287
0.4758051633834839,0.5241948366165161
0.13747061789035797,0.8625293970108032
0.05185673013329506,0.9481432437896729
0.4519621431827545,0.5480378270149231
0.25743722915649414,0.7425627112388611
0.9775707721710205,0.022429224103689194
0.6682958006858826,0.33170419931411743
0.8869979381561279,0.11300209164619446
0.15583068132400513,0.8441692590713501
0.44956129789352417,0.5504387021064758
0.11558885127305984,0.8844111561775208
0.10850398987531662,0.891495943069458
0.04691387712955475,0.9530860781669617
0.06852015852928162,0.931479811668396
0.9800681471824646,0.01993183232843876
0.37212514877319336,0.6278748512268066
0.43155401945114136,0.5684459805488586
0.09015210717916489,0.9098478555679321
0.5832175612449646,0.4167824685573578
0.3518041968345642,0.6481958031654358
0.10280945897102356,0.8971905708312988
0.9702011942863464,0.02979881316423416
0.9836996793746948,0.016300305724143982
0.6119034886360168,0.38809657096862793
0.9737733006477356,0.02622670866549015
0.3043104410171509,0.6956895589828491
0.902010440826416,0.09798955917358398
0.3990965485572815,0.6009033918380737
0.2575744390487671,0.7424255609512329
0.33170831203460693,0.6682916879653931
0.9847316741943359,0.015268288552761078
0.4058689475059509,0.5941310524940491
0.9480810761451721,0.051918890327215195
0.053833022713661194,0.9461669921875
0.17248854041099548,0.8275114893913269
0.9856656193733215,0.014334320090711117
0.07313460111618042,0.9268653988838196
0.4670538902282715,0.5329461097717285
0.840280294418335,0.15971973538398743
0.9771531820297241,0.022846857085824013
0.15831221640110016,0.841687798500061
0.03598320484161377,0.9640167951583862
0.07437624037265778,0.9256237745285034
0.18132677674293518,0.8186731934547424
0.07685348391532898,0.9231464862823486
0.21145598590373993,0.7885439395904541
0.9811459183692932,0.018854085355997086
0.03888402506709099,0.9611160159111023
0.13144636154174805,0.8685535788536072
0.9538090825080872,0.04619093984365463
0.9106002449989319,0.08939973264932632
0.25241464376449585,0.7475854158401489
0.9758627414703369,0.024137256667017937
0.04798737168312073,0.9520126581192017
0.9841330051422119,0.015866953879594803
0.7553822994232178,0.24461770057678223
0.9820887446403503,0.017911337316036224
0.5876511931419373,0.41234883666038513
0.10918144136667252,0.8908185958862305
0.9728432893753052,0.027156708762049675
0.8116133213043213,0.1883867084980011
0.1049196720123291,0.8950803279876709
0.9824519753456116,0.017548004165291786
0.18860682845115662,0.8113932013511658
0.16074681282043457,0.8392532467842102
0.08897393196821213,0.911026120185852
0.9643566608428955,0.0356433168053627
0.9836302399635315,0.01636974699795246
0.9861440658569336,0.013855905272066593
0.11260728538036346,0.8873926401138306
0.8923483490943909,0.10765165835618973
0.45655596256256104,0.543444037437439
0.9865468740463257,0.013453102670609951
0.9811291098594666,0.018870841711759567
0.20362037420272827,0.7963796854019165
0.8031225204467773,0.19687752425670624
0.08000437915325165,0.9199956059455872
0.08508367836475372,0.9149163365364075
0.05375561863183975,0.9462444186210632
0.44402000308036804,0.5559800267219543
0.07213295251131058,0.9278669953346252
0.9673517942428589,0.03264813870191574
0.05680587887763977,0.9431940913200378
0.07741587609052658,0.9225841164588928
0.9715009927749634,0.028498951345682144
0.8797155022621155,0.1202845349907875
0.15232132375240326,0.8476787209510803
0.11580996960401535,0.884190022945404
0.11297334730625153,0.8870266079902649
0.05232139304280281,0.9476785659790039
0.9806160926818848,0.01938394270837307
0.630804181098938,0.369195818901062
0.2638358473777771,0.7361641526222229
0.9638798832893372,0.03612011298537254
0.6390219330787659,0.36097806692123413
0.1083107516169548,0.8916893005371094
0.31894880533218384,0.6810511946678162
0.114314004778862,0.8856859803199768
0.08561355620622635,0.9143864512443542
0.15711630880832672,0.8428837060928345
0.08287631720304489,0.9171236157417297
0.07045216113328934,0.9295478463172913
0.22469423711299896,0.7753057479858398
0.9431087374687195,0.05689125880599022
0.9500669836997986,0.04993296414613724
0.2685414254665375,0.7314585447311401
0.12134736776351929,0.8786526322364807
0.0906849056482315,0.9093150496482849
0.09946731477975845,0.9005327224731445
0.956026554107666,0.04397346451878548
0.8017812371253967,0.19821874797344208
0.10162391513586044,0.8983760476112366
0.08579366654157639,0.914206326007843
0.657641589641571,0.34235844016075134
0.989009439945221,0.010990538634359837
0.11466096341609955,0.885339081287384
0.0714828222990036,0.92851722240448
0.10526071488857269,0.8947393298149109
0.05685482546687126,0.943145215511322
0.23440758883953094,0.7655923962593079
0.190953329205513,0.8090466260910034
0.13171255588531494,0.8682873845100403
0.8048675656318665,0.19513249397277832
0.0385979600250721,0.9614020586013794
0.8739127516746521,0.12608720362186432
0.25044459104537964,0.7495554089546204
0.2940296530723572,0.7059703469276428
0.9850832223892212,0.014916835352778435
0.9761905074119568,0.02380945533514023
0.9874656796455383,0.01253435853868723
0.0868457481265068,0.9131543040275574
0.1587195098400116,0.8412805199623108
0.9838592410087585,0.016140742227435112
0.8284823894500732,0.17151764035224915
0.6002090573310852,0.3997909128665924
0.38524508476257324,0.6147549152374268
0.5504648089408875,0.44953522086143494
0.19758039712905884,0.8024195432662964
0.19144409894943237,0.8085559010505676
0.32025229930877686,0.6797477006912231
0.06964249163866043,0.9303575754165649
0.932253897190094,0.06774609535932541
0.06439681351184845,0.9356032013893127
0.1749807447195053,0.8250192999839783
0.05104091763496399,0.9489591121673584
0.21719937026500702,0.7828006148338318
0.9848665595054626,0.015133378095924854
0.23216693103313446,0.7678329944610596
0.9849324822425842,0.015067561529576778
0.13055460155010223,0.8694454431533813
0.37760213017463684,0.6223978996276855
0.8934167623519897,0.10658320039510727
0.2692520022392273,0.7307479977607727
0.44554781913757324,0.5544521808624268
0.05920731648802757,0.9407926797866821
0.9276478290557861,0.07235211879014969
0.13772721588611603,0.8622727990150452
0.9795332551002502,0.020466815680265427
0.05565545707941055,0.9443445801734924
0.11176881194114685,0.8882311582565308
0.20085377991199493,0.799146294593811
0.9843698740005493,0.0156300850212574
0.09613817185163498,0.9038618206977844
0.11108241230249405,0.8889176249504089
0.9891645312309265,0.010835397988557816
0.9713770151138306,0.028622983023524284
0.034700214862823486,0.9652998447418213
0.1829468011856079,0.8170531392097473
0.30541667342185974,0.6945833563804626
0.08594571053981781,0.914054274559021
0.09619532525539398,0.9038046598434448
0.25533217191696167,0.7446678280830383
0.2885260581970215,0.7114739418029785
0.18039704859256744,0.819602906703949
0.1759844422340393,0.8240154981613159
0.042979273945093155,0.9570206999778748
0.39967769384384155,0.6003223061561584
0.6688714027404785,0.3311285674571991
0.9495638012886047,0.050436243414878845
