Roberta_1,Roberta_0
0.07373832166194916,0.9262616634368896
0.40395474433898926,0.596045196056366
0.8842713832855225,0.11572863161563873
0.12479711323976517,0.8752028942108154
0.9333866238594055,0.06661331653594971
0.2311299592256546,0.7688699960708618
0.09988865256309509,0.9001113772392273
0.9915770292282104,0.008422976359724998
0.07368705421686172,0.9263128638267517
0.9090102910995483,0.09098971635103226
0.06074511259794235,0.9392548203468323
0.9913579225540161,0.008642085827887058
0.1883068084716797,0.8116931915283203
0.3572748601436615,0.6427251100540161
0.91793292760849,0.08206713199615479
0.06505171954631805,0.934948205947876
0.9929271340370178,0.007072885055094957
0.13029946386814117,0.86970055103302
0.1896979659795761,0.8103020191192627
0.9892650842666626,0.010734888724982738
0.09857064485549927,0.9014293551445007
0.42627784609794617,0.5737221837043762
0.9726029634475708,0.027396999299526215
0.27221348881721497,0.7277865409851074
0.97561115026474,0.02438882365822792
0.7542716264724731,0.24572832882404327
0.1431823968887329,0.8568176627159119
0.9860123991966248,0.01398761011660099
0.6112501621246338,0.3887498080730438
0.31505709886550903,0.684942901134491
0.04853956773877144,0.9514604210853577
0.9848787188529968,0.015121251344680786
0.11453519016504288,0.8854648470878601
0.992787778377533,0.007212215103209019
0.14887367188930511,0.8511263132095337
0.9748855233192444,0.025114551186561584
0.6231918931007385,0.3768081068992615
0.08523640036582947,0.9147635698318481
0.08552493900060654,0.9144750833511353
0.9400352835655212,0.059964705258607864
0.9875791668891907,0.01242087222635746
0.9919883012771606,0.008011679165065289
0.2654954493045807,0.7345045208930969
0.692756712436676,0.307243287563324
0.12995943427085876,0.8700405359268188
0.8529312610626221,0.14706867933273315
0.14364132285118103,0.8563587069511414
0.3315701484680176,0.6684298515319824
0.8300971984863281,0.16990281641483307
0.057511087507009506,0.942488968372345
0.49240007996559143,0.507599949836731
0.4596768617630005,0.5403230786323547
0.19656506180763245,0.8034349679946899
0.17302824556827545,0.8269717693328857
0.13058097660541534,0.8694190382957458
0.08837854117155075,0.9116215109825134
0.06962530314922333,0.9303746819496155
0.9921039342880249,0.007896024733781815
0.14308840036392212,0.8569116592407227
0.20003746449947357,0.7999625205993652
0.2498515397310257,0.7501484751701355
0.5222718715667725,0.47772812843322754
0.6497078537940979,0.3502921164035797
0.1379898488521576,0.8620101809501648
0.9910667538642883,0.0089332927018404
0.9535898566246033,0.04641013592481613
0.049076396971940994,0.9509236216545105
0.1017695814371109,0.8982304334640503
0.39803120493888855,0.6019687652587891
0.12415359169244766,0.8758463859558105
0.13193780183792114,0.8680622577667236
0.9278410077095032,0.07215892523527145
0.08636003732681274,0.9136399626731873
0.17596428096294403,0.8240357637405396
0.11997484415769577,0.8800251483917236
0.9902327060699463,0.009767239913344383
0.0613253153860569,0.9386746883392334
0.07424110174179077,0.9257588982582092
0.6563661098480225,0.3436339199542999
0.09809659421443939,0.9019033908843994
0.34101542830467224,0.6589845418930054
0.06280887871980667,0.9371910691261292
0.14299409091472626,0.8570059537887573
0.1607963591814041,0.8392035961151123
0.9919257760047913,0.00807418767362833
0.9924038052558899,0.007596150506287813
0.8335933089256287,0.16640672087669373
0.09593483805656433,0.9040651321411133
0.10811033844947815,0.8918896317481995
0.15205726027488708,0.8479427695274353
0.9186861515045166,0.08131376653909683
0.07268763333559036,0.9273123741149902
0.49963563680648804,0.5003643035888672
0.09373700618743896,0.9062630534172058
0.0822383239865303,0.9177616834640503
0.07496614009141922,0.9250339269638062
0.9931541681289673,0.00684582581743598
0.8064900636672974,0.19350989162921906
0.9082069396972656,0.09179304540157318
0.27953800559043884,0.7204619646072388
0.0594279021024704,0.9405720829963684
0.3957444131374359,0.6042555570602417
0.9836775064468384,0.0163225419819355
0.1555543690919876,0.8444456458091736
0.11621523648500443,0.883784830570221
0.8250939249992371,0.17490604519844055
0.11375657469034195,0.886243462562561
0.18072611093521118,0.8192739486694336
0.4212144613265991,0.5787854790687561
0.08292794227600098,0.9170721173286438
0.767171323299408,0.23282864689826965
0.07931794226169586,0.9206820726394653
0.46742820739746094,0.5325717926025391
0.9919507503509521,0.00804921891540289
0.3215978145599365,0.6784021854400635
0.0564466156065464,0.9435534477233887
0.5735171437263489,0.4264828860759735
0.22817502915859222,0.7718249559402466
0.9909262657165527,0.009073758497834206
0.9902952909469604,0.009704699739813805
0.9288104176521301,0.07118955999612808
0.7388796806335449,0.2611203193664551
0.98729008436203,0.012709871865808964
0.8730664849281311,0.12693347036838531
0.522946298122406,0.4770536422729492
0.9920299053192139,0.007970081642270088
0.40014418959617615,0.5998558402061462
0.07824603468179703,0.9217539429664612
0.06745775043964386,0.9325422048568726
0.07641686499118805,0.9235830903053284
0.5793408751487732,0.4206591248512268
0.1110030934214592,0.888996958732605
0.4109137952327728,0.5890862345695496
0.047852009534835815,0.9521479606628418
0.9838699698448181,0.016130026429891586
0.9928349256515503,0.00716506689786911
0.3229544162750244,0.6770455837249756
0.24884727597236633,0.751152753829956
0.5714977383613586,0.42850226163864136
0.056482765823602676,0.94351726770401
0.590487539768219,0.40951240062713623
0.15354786813259125,0.8464521169662476
0.059713348746299744,0.9402865767478943
0.30576521158218384,0.6942347884178162
0.7796822786331177,0.22031773626804352
0.9892212152481079,0.010778738185763359
0.46738073229789734,0.5326192378997803
0.05970337241888046,0.9402965903282166
0.40001922845840454,0.5999807715415955
0.8977420926094055,0.1022578775882721
0.3111722469329834,0.6888277530670166
0.21181251108646393,0.7881875038146973
0.9928833246231079,0.007116727065294981
0.6476799845695496,0.35232001543045044
0.2653174102306366,0.734682559967041
0.9919033646583557,0.00809669028967619
0.17551559209823608,0.8244844079017639
0.9927899241447449,0.007210149895399809
0.16646605730056763,0.8335339426994324
0.35718581080436707,0.6428141593933105
0.05982501059770584,0.9401749968528748
0.06378002464771271,0.9362199902534485
0.19374755024909973,0.8062524199485779
0.9918027520179749,0.008197294548153877
0.14514707028865814,0.8548529744148254
0.9927703738212585,0.007229552138596773
0.991285502910614,0.008714481256902218
0.9922367930412292,0.0077632577158510685
0.9918043613433838,0.008195658214390278
0.991965651512146,0.008034354075789452
0.06960594654083252,0.9303941130638123
0.23192696273326874,0.7680730223655701
0.15484851598739624,0.845151424407959
0.9917381405830383,0.008261906914412975
0.1495819240808487,0.8504180908203125
0.09850003570318222,0.9014999866485596
0.293972909450531,0.7060270309448242
0.045173510909080505,0.9548264741897583
0.07783105224370956,0.9221689701080322
0.0732404813170433,0.9267594814300537
0.9913552403450012,0.0086448322981596
0.9595769047737122,0.040423110127449036
0.18876802921295166,0.8112320303916931
0.2173696756362915,0.7826303243637085
0.9935947060585022,0.006405307911336422
0.13855285942554474,0.8614471554756165
0.6118577122688293,0.38814228773117065
0.991570234298706,0.00842978898435831
0.9910669922828674,0.00893301423639059
0.27849647402763367,0.721503496170044
0.9921209812164307,0.007879083976149559
0.9590412378311157,0.040958814322948456
0.05981007218360901,0.9401899576187134
0.06018920987844467,0.9398107528686523
0.058964021503925323,0.9410359263420105
0.232457235455513,0.7675427198410034
0.9911320805549622,0.008867875672876835
0.9930019974708557,0.006997950375080109
0.9818010330200195,0.018198994919657707
0.9920544624328613,0.00794560182839632
0.04746605083346367,0.9525339007377625
0.991390585899353,0.008609367534518242
0.10925295948982239,0.8907470107078552
0.6883987784385681,0.3116012215614319
0.4963599145412445,0.5036400556564331
0.2707635462284088,0.7292364239692688
0.8771635293960571,0.12283642590045929
0.827122688293457,0.17287731170654297
0.08846162259578705,0.9115384221076965
0.9918136596679688,0.0081863421946764
0.9915422201156616,0.008457725867629051
0.10979881882667542,0.890201210975647
0.06556328386068344,0.9344366788864136
0.15223339200019836,0.8477665781974792
0.2751942574977875,0.7248057126998901
0.9927369356155396,0.007263121660798788
0.1362909972667694,0.863709032535553
0.9929104447364807,0.00708953058347106
0.25346022844314575,0.746539831161499
0.9883747100830078,0.011625293642282486
0.9923283457756042,0.007671651430428028
0.8174083828926086,0.18259161710739136
0.9674621820449829,0.03253785893321037
0.2988106608390808,0.7011893391609192
0.3258855640888214,0.6741144061088562
0.9927043914794922,0.007295612245798111
0.11607573181390762,0.8839242458343506
0.991323709487915,0.008676288649439812
0.21578001976013184,0.7842199802398682
0.27063465118408203,0.729365348815918
0.1634497344493866,0.836550235748291
0.17374178767204285,0.8262582421302795
0.1441774219274521,0.8558226227760315
0.18530155718326569,0.8146984577178955
0.06760624796152115,0.9323937892913818
0.05855470150709152,0.9414452910423279
0.989581823348999,0.010418185964226723
0.5777631402015686,0.4222368896007538
0.9929224252700806,0.007077503949403763
0.45717132091522217,0.5428286790847778
0.10037888586521149,0.8996211290359497
0.3637121319770813,0.6362878680229187
0.9925990104675293,0.007401024457067251
0.13673576712608337,0.863264262676239
0.06802932173013687,0.9319706559181213
0.1468922197818756,0.8531078100204468
0.4307556748390198,0.569244384765625
0.271371454000473,0.7286285758018494
0.678759753704071,0.32124024629592896
0.6165112257003784,0.3834887444972992
0.7837425470352173,0.21625743806362152
0.05879700183868408,0.9412029981613159
0.17043103277683258,0.8295689821243286
0.7264890074729919,0.27351096272468567
0.9931870698928833,0.0068129790015518665
0.9911149740219116,0.008885064162313938
0.09202457964420319,0.907975435256958
0.079588383436203,0.9204115867614746
0.052173007279634476,0.9478269815444946
0.056931376457214355,0.9430686831474304
0.04718345031142235,0.9528164863586426
0.21470479667186737,0.7852951884269714
0.989562451839447,0.010437488555908203
0.04780932143330574,0.9521907567977905
0.9925682544708252,0.007431829813867807
0.17444434762001038,0.8255556225776672
0.9909249544143677,0.0090749841183424
0.9893372058868408,0.010662793181836605
0.2646922767162323,0.7353076934814453
0.09404952824115753,0.9059504270553589
0.325217604637146,0.674782395362854
0.2871004343032837,0.7128995656967163
0.05272139608860016,0.947278618812561
0.27297165989875793,0.7270283699035645
0.11097023636102676,0.8890298008918762
0.9904956817626953,0.009504278190433979
0.6028081178665161,0.3971918821334839
0.5057189464569092,0.4942810833454132
0.05500763654708862,0.9449923038482666
0.18082726001739502,0.819172739982605
0.9928706288337708,0.00712938979268074
0.9582033157348633,0.04179675132036209
0.2153063863515854,0.7846936583518982
0.04379211366176605,0.9562078714370728
0.0847541019320488,0.9152459502220154
0.09224972873926163,0.9077502489089966
0.9928035140037537,0.007196513004601002
0.06200338155031204,0.9379966259002686
0.09838585555553436,0.9016141295433044
0.3793477416038513,0.6206522583961487
0.14452916383743286,0.8554707765579224
0.05908516049385071,0.9409148693084717
0.0968327671289444,0.903167188167572
0.15847954154014587,0.8415204882621765
0.06587938219308853,0.9341206550598145
0.08725403249263763,0.9127459526062012
0.9924449324607849,0.007555048912763596
0.9897915124893188,0.01020840834826231
0.154256671667099,0.8457432985305786
0.08456618338823318,0.9154338240623474
0.059215400367975235,0.9407845735549927
0.4519021809101105,0.5480977892875671
0.1855647712945938,0.8144352436065674
0.9673281908035278,0.032671790570020676
0.12901616096496582,0.8709838390350342
0.4540831446647644,0.5459168553352356
0.1403077244758606,0.8596922755241394
0.0466935932636261,0.9533063769340515
0.06979483366012573,0.9302051663398743
0.10146624594926834,0.8985337615013123
0.14456596970558167,0.8554340600967407
0.9897406101226807,0.010259348899126053
0.8253435492515564,0.1746564656496048
0.16711364686489105,0.8328863382339478
0.21091240644454956,0.7890875935554504
0.14711150527000427,0.8528885245323181
0.9928472638130188,0.00715282279998064
0.9901152849197388,0.009884744882583618
0.09648465365171432,0.9035153388977051
0.7696949243545532,0.230305016040802
0.04761437699198723,0.952385663986206
0.9703091382980347,0.02969079650938511
0.08312966674566269,0.9168703556060791
0.07538331300020218,0.9246166944503784
0.9917399883270264,0.008260024711489677
0.09432723373174667,0.9056727290153503
0.4343983232975006,0.565601646900177
0.11965423822402954,0.8803457617759705
0.9922175407409668,0.007782421540468931
0.10157053172588348,0.8984294533729553
0.12481492757797241,0.8751850724220276
0.3407512903213501,0.6592487692832947
0.7526993155479431,0.24730068445205688
0.9925965070724487,0.007403501309454441
0.06649687141180038,0.9335030913352966
0.8242152333259583,0.17578476667404175
0.9824261665344238,0.017573820427060127
0.11959969997406006,0.8804003000259399
0.5236175656318665,0.47638246417045593
0.9916929602622986,0.008307053707540035
0.1291944980621338,0.8708055019378662
0.0567096471786499,0.9432902932167053
0.2748287320137024,0.7251712083816528
0.3162270784378052,0.6837729215621948
0.11133520305156708,0.8886647820472717
0.9889589548110962,0.011041086167097092
0.5598879456520081,0.44011205434799194
0.6412203907966614,0.3587796092033386
0.05265888199210167,0.9473411440849304
0.993453860282898,0.006546207703649998
0.8127045035362244,0.18729554116725922
0.6010431051254272,0.39895695447921753
0.14105375111103058,0.8589462041854858
0.25692111253738403,0.7430788278579712
0.9921106696128845,0.00788938719779253
0.26783889532089233,0.7321610450744629
0.10016895085573196,0.8998309969902039
0.9924227595329285,0.0075772483833134174
0.12025484442710876,0.8797451853752136
0.5831997990608215,0.4168001711368561
0.46929192543029785,0.5307080745697021
0.14119791984558105,0.858802080154419
0.10635742545127869,0.8936426043510437
0.628897488117218,0.3711024820804596
0.9821071028709412,0.01789293810725212
0.9922744631767273,0.0077255419455468655
0.11014248430728912,0.8898575305938721
0.9876112341880798,0.01238876674324274
0.9933375120162964,0.006662563420832157
0.9923227429389954,0.007677286863327026
0.36001265048980713,0.6399873495101929
0.9930477738380432,0.0069522736594080925
0.98985755443573,0.010142521001398563
0.09273157268762589,0.9072684049606323
0.9865750670433044,0.013424912467598915
0.992128849029541,0.007871118374168873
0.9917938113212585,0.008206144906580448
0.25967156887054443,0.7403284311294556
0.9932734966278076,0.0067264605313539505
0.070094533264637,0.9299054145812988
0.24504947662353516,0.7549504637718201
0.5200973153114319,0.4799026846885681
0.055355142802000046,0.9446448683738708
0.17420609295368195,0.8257939219474792
0.15592750906944275,0.8440724611282349
0.991936206817627,0.008063798770308495
0.5637075901031494,0.4362923800945282
0.98312908411026,0.016870899125933647
0.992588222026825,0.007411796133965254
0.9873336553573608,0.012666302733123302
0.1997452974319458,0.8002547025680542
0.36042535305023193,0.6395745873451233
0.15122820436954498,0.8487718105316162
0.8199971914291382,0.18000279366970062
0.6713064908981323,0.3286935091018677
0.162908673286438,0.837091326713562
0.20967423915863037,0.7903257608413696
0.04264361783862114,0.957356333732605
0.26058003306388855,0.7394199967384338
0.9361547827720642,0.06384517252445221
0.13903272151947021,0.8609672784805298
0.9909899234771729,0.009010090492665768
0.32604438066482544,0.6739556193351746
0.16895876824855804,0.8310412168502808
0.2128220498561859,0.7871779203414917
0.8463165163993835,0.15368349850177765
0.9921004176139832,0.007899596355855465
0.6330142021179199,0.3669857680797577
0.9811813235282898,0.01881864108145237
0.07249937206506729,0.9275006651878357
0.5818307399749756,0.4181692600250244
0.16208061575889587,0.8379194140434265
0.11653151363134384,0.8834685683250427
0.9665393829345703,0.03346054628491402
0.1621014028787613,0.8378985524177551
0.07791808992624283,0.9220819473266602
0.9806358218193054,0.01936410740017891
0.3038237690925598,0.696176290512085
0.06831994652748108,0.9316800832748413
0.1486910730600357,0.8513090014457703
0.1360384225845337,0.8639615774154663
0.5883210897445679,0.41167888045310974
0.9926336407661438,0.007366320583969355
0.5693665742874146,0.43063342571258545
0.9928783774375916,0.007121644448488951
0.7250043749809265,0.2749955952167511
0.1506069451570511,0.8493931293487549
0.4118112027645111,0.5881888270378113
0.9925504922866821,0.0074495431035757065
0.9879421591758728,0.012057879939675331
0.9927992820739746,0.007200759369879961
0.9924854636192322,0.007514509372413158
0.9929595589637756,0.007040412165224552
0.09392903000116348,0.9060709476470947
0.5157212615013123,0.48427873849868774
0.14066700637340546,0.8593330383300781
0.07364628463983536,0.9263536930084229
0.1828794777393341,0.8171204924583435
0.9219329357147217,0.07806704193353653
0.9917529225349426,0.008247049525380135
0.44595497846603394,0.5540450811386108
0.9874774217605591,0.012522582896053791
0.07867816090583801,0.9213218688964844
0.2086159884929657,0.7913839817047119
0.9926784038543701,0.007321652490645647
0.2878463864326477,0.7121536135673523
0.4918404519557953,0.5081595182418823
0.7928776144981384,0.20712237060070038
0.08190517872571945,0.9180948734283447
0.056650035083293915,0.9433500170707703
0.09374936670064926,0.9062507152557373
0.3333601951599121,0.6666398048400879
0.0872926265001297,0.9127073884010315
0.24218346178531647,0.7578165531158447
0.19336147606372833,0.8066384792327881
0.045882370322942734,0.9541176557540894
0.28426817059516907,0.7157317996025085
0.3044683039188385,0.6955316662788391
0.04950956255197525,0.9504904747009277
0.9933205842971802,0.006679467391222715
0.07675079256296158,0.9232491850852966
0.9922168254852295,0.007783135864883661
0.4976811408996582,0.5023189187049866
0.9916069507598877,0.00839299988001585
0.9052572846412659,0.09474272280931473
0.9760955572128296,0.023904433473944664
0.06571052968502045,0.9342895150184631
0.1623903512954712,0.8376096487045288
0.5756321549415588,0.42436784505844116
0.21618731319904327,0.7838127017021179
0.1613560914993286,0.8386439085006714
0.9894201755523682,0.010579817928373814
0.28682300448417664,0.713176965713501
0.3995074927806854,0.600492537021637
0.9178250432014465,0.08217493444681168
0.19173529744148254,0.8082647323608398
0.2549883723258972,0.7450116276741028
0.8006851077079773,0.1993149071931839
0.992442786693573,0.00755724124610424
0.7348254323005676,0.26517453789711
0.06322022527456284,0.9367797374725342
0.49935755133628845,0.5006424784660339
0.36767399311065674,0.632326066493988
0.9915565252304077,0.0084434999153018
0.9918438792228699,0.008156081661581993
0.9919903874397278,0.008009594865143299
0.11721847206354141,0.882781445980072
0.2377658635377884,0.7622341513633728
0.19316022098064423,0.8068397641181946
0.9922918677330017,0.0077081057243049145
0.4741362929344177,0.5258637070655823
0.9516580700874329,0.04834190383553505
0.06821969151496887,0.9317802786827087
0.22790488600730896,0.7720950841903687
0.08529240638017654,0.914707601070404
0.10215901583433151,0.8978409767150879
0.07436317950487137,0.9256368279457092
0.10696093738079071,0.8930390477180481
0.9771281480789185,0.02287183701992035
0.6307045817375183,0.3692953884601593
0.17818841338157654,0.8218115568161011
0.9929991960525513,0.0070007615722715855
0.2669263184070587,0.7330737113952637
0.15300913155078888,0.8469908833503723
0.9902472496032715,0.009752835147082806
0.9927706122398376,0.007229391951113939
0.9908435344696045,0.009156535379588604
0.9896383285522461,0.010361661203205585
0.41045907139778137,0.589540958404541
0.9892155528068542,0.010784444399178028
0.05559750646352768,0.9444025158882141
0.21738842129707336,0.7826115489006042
0.9851813316345215,0.014818701893091202
0.8056071996688843,0.19439278542995453
0.9703552722930908,0.029644738882780075
0.1048903688788414,0.8951096534729004
0.9884573817253113,0.011542590335011482
0.07852760702371597,0.9214723706245422
0.9703730344772339,0.02962692454457283
0.060892026871442795,0.9391079545021057
0.19960252940654755,0.8003974556922913
0.7853900790214539,0.21460992097854614
0.11843134462833405,0.8815686702728271
0.9912658333778381,0.008734127506613731
0.0646340623497963,0.9353659749031067
0.9786651730537415,0.021334821358323097
0.9929475784301758,0.007052349392324686
0.9432913661003113,0.056708645075559616
0.05499441176652908,0.9450056552886963
0.9858884215354919,0.014111608266830444
0.25095921754837036,0.7490407824516296
0.993012011051178,0.006987997330725193
0.09661951661109924,0.9033805131912231
0.992863118648529,0.0071369074285030365
0.41845571994781494,0.5815442800521851
0.83139568567276,0.1686042696237564
0.3462277054786682,0.653772234916687
0.9921248555183411,0.007875129580497742
0.34095320105552673,0.6590467691421509
0.11639520525932312,0.8836047649383545
0.9928138852119446,0.007186115253716707
0.9775952696800232,0.022404735907912254
0.9899502992630005,0.010049683041870594
0.3329194188117981,0.6670805811882019
0.23645105957984924,0.7635489106178284
0.992763102054596,0.007236839272081852
0.9927076697349548,0.007292363326996565
0.6151493191719055,0.3848506510257721
0.286274790763855,0.713725209236145
0.28900906443595886,0.7109909057617188
0.18723160028457642,0.8127683997154236
0.39466747641563416,0.6053325533866882
0.9933424592018127,0.00665760412812233
0.04272134229540825,0.9572786688804626
0.990179181098938,0.009820828214287758
0.9760866761207581,0.023913292214274406
0.4281453788280487,0.5718545913696289
0.9440263509750366,0.055973634123802185
0.8968048691749573,0.10319510102272034
0.19773371517658234,0.8022662997245789
0.9923858642578125,0.007614097557961941
0.9928761720657349,0.007123805582523346
0.22271102666854858,0.7772889733314514
0.2856002748012543,0.7143996953964233
0.4933702349662781,0.5066297650337219
0.8952485918998718,0.10475143045186996
0.05423066020011902,0.9457693099975586
0.6631210446357727,0.3368789553642273
0.28749194741249084,0.7125080227851868
0.0688956007361412,0.9311043620109558
0.974133312702179,0.02586667612195015
0.08727512508630753,0.9127249121665955
0.3384852111339569,0.6615147590637207
0.9472589492797852,0.05274103209376335
0.9917891025543213,0.008210810832679272
0.9926758408546448,0.0073241787031292915
0.16699369251728058,0.8330062627792358
0.9929934144020081,0.007006618194282055
0.21475005149841309,0.7852498888969421
0.10886035859584808,0.891139566898346
0.09167733788490295,0.9083226919174194
0.2819051444530487,0.7180948853492737
0.09327543526887894,0.9067246317863464
0.9906674027442932,0.009332539513707161
0.9696416854858398,0.030358292162418365
0.3477807939052582,0.6522191762924194
0.10864212363958359,0.8913578391075134
0.13297048211097717,0.8670295476913452
0.9906967878341675,0.009303265251219273
0.3628595769405365,0.6371404528617859
0.9927392601966858,0.007260728627443314
0.9917358756065369,0.008264048025012016
0.1539120227098465,0.8460879921913147
0.9910037517547607,0.008996262215077877
0.07091449946165085,0.9290854930877686
0.4920269250869751,0.5079731345176697
0.06226345896720886,0.9377365112304688
0.9929087162017822,0.00709128612652421
0.10606521368026733,0.8939347863197327
0.9933472871780396,0.006652756128460169
0.9885613322257996,0.011438686400651932
0.0855211392045021,0.9144788980484009
0.6663123965263367,0.33368760347366333
0.15471525490283966,0.8452848196029663
0.9884904623031616,0.01150956004858017
0.4299602806568146,0.570039689540863
0.1266850084066391,0.8733149766921997
0.08249332010746002,0.9175066947937012
0.9935106635093689,0.00648934580385685
0.9904211759567261,0.009578854776918888
0.044236235320568085,0.9557638168334961
0.12493172287940979,0.8750683069229126
0.9202667474746704,0.07973324507474899
0.10418730229139328,0.8958127498626709
0.30312320590019226,0.6968767642974854
0.08817378431558609,0.9118262529373169
0.147777259349823,0.852222740650177
0.11759009957313538,0.882409930229187
0.09557423740625381,0.9044257998466492
0.2118876725435257,0.7881123423576355
0.12957021594047546,0.8704298138618469
0.9921595454216003,0.00784047320485115
0.9915652275085449,0.008434747345745564
0.5352116227149963,0.46478837728500366
0.10072051733732224,0.8992794156074524
0.400841623544693,0.5991584062576294
0.055091094225645065,0.944908857345581
0.062375638633966446,0.9376243352890015
0.34287452697753906,0.6571254730224609
0.9897096753120422,0.010290306992828846
0.08564330637454987,0.9143566489219666
0.9922270774841309,0.007772919721901417
0.238014355301857,0.7619855999946594
0.5908422470092773,0.40915775299072266
0.8141620755195618,0.1858379989862442
0.30040332674980164,0.699596643447876
0.8885805010795593,0.11141946166753769
0.5072596669197083,0.49274036288261414
0.10896211117506027,0.8910379409790039
0.34617576003074646,0.6538242101669312
0.8427037596702576,0.15729622542858124
0.15539759397506714,0.8446024060249329
0.1879870891571045,0.8120129108428955
0.9886017441749573,0.011398219503462315
0.8241126537322998,0.1758873164653778
0.9917790293693542,0.008220972493290901
0.9925283193588257,0.007471753284335136
0.08665677905082703,0.9133431911468506
0.24549049139022827,0.7545095086097717
0.9452286958694458,0.0547713078558445
0.32038992643356323,0.6796100735664368
0.9911216497421265,0.008878318592905998
0.9869791269302368,0.013020893558859825
0.1839393526315689,0.8160606622695923
0.9837358593940735,0.01626415178179741
0.1877337098121643,0.8122662901878357
0.05290970951318741,0.9470903277397156
0.9917245507240295,0.008275442756712437
0.24619510769844055,0.7538049221038818
0.07846543192863464,0.921534538269043
0.8616520166397095,0.13834798336029053
0.059121787548065186,0.9408782720565796
0.045361168682575226,0.9546388387680054
0.6957374215126038,0.30426257848739624
0.9919341802597046,0.008065816946327686
0.987789511680603,0.012210513465106487
0.24769248068332672,0.7523075342178345
0.21934549510478973,0.7806544899940491
0.09822110086679459,0.9017788767814636
0.9906086921691895,0.009391379542648792
0.42902591824531555,0.5709741115570068
0.05385653302073479,0.9461434483528137
0.5417333841323853,0.45826664566993713
0.9922664761543274,0.007733529433608055
0.16289454698562622,0.8371054530143738
0.07771080732345581,0.922289252281189
0.25175559520721436,0.7482443451881409
0.9729984402656555,0.02700158581137657
0.7006635069847107,0.2993364632129669
0.055739033967256546,0.9442610144615173
0.1342456191778183,0.8657544255256653
0.789587140083313,0.21041283011436462
0.9927678108215332,0.00723224738612771
0.9914488196372986,0.008551184087991714
0.9893947243690491,0.010605214163661003
0.31307628750801086,0.6869237422943115
0.05110500380396843,0.9488950371742249
0.07560448348522186,0.9243955016136169
0.11677952855825424,0.8832204341888428
0.14018483459949493,0.8598151803016663
0.6628924012184143,0.3371076285839081
0.18844746053218842,0.8115525245666504
0.046501096338033676,0.953498899936676
0.09973909705877304,0.9002609252929688
0.4118553400039673,0.5881447196006775
0.3399054706096649,0.6600944995880127
0.19019532203674316,0.8098046779632568
0.98972487449646,0.010275200009346008
0.2570701241493225,0.7429298758506775
0.3961932957172394,0.6038066744804382
0.06979068368673325,0.9302092790603638
0.0681542232632637,0.9318457841873169
0.13436229526996613,0.8656377196311951
0.07269475609064102,0.9273052215576172
0.08438114821910858,0.915618896484375
0.20367132127285004,0.7963286638259888
0.22947639226913452,0.7705236077308655
0.9908159971237183,0.009183969348669052
0.9926041960716248,0.007395799271762371
0.25458377599716187,0.7454161643981934
0.12095483392477036,0.8790451884269714
0.08661729842424393,0.9133827090263367
0.9919995665550232,0.00800043623894453
0.16288356482982635,0.8371164202690125
0.22390826046466827,0.7760917544364929
0.16311736404895782,0.8368826508522034
0.21379321813583374,0.7862067818641663
0.07714381814002991,0.9228562116622925
0.9910765886306763,0.008923402056097984
0.97984778881073,0.02015218883752823
0.9827517867088318,0.017248190939426422
0.2845606505870819,0.7154393792152405
0.9929932951927185,0.007006664294749498
0.9873036742210388,0.012696345336735249
0.08526290208101273,0.9147370457649231
0.13166621327400208,0.8683337569236755
0.4106190800666809,0.5893809199333191
0.07147592306137085,0.9285240769386292
0.8639326691627502,0.13606737554073334
0.9771803617477417,0.022819627076387405
0.05550004541873932,0.9445000290870667
0.05006778985261917,0.9499322175979614
0.8110278844833374,0.18897214531898499
0.05570771545171738,0.9442922472953796
0.9920303821563721,0.00796961784362793
0.0885993018746376,0.9114007353782654
0.04558084160089493,0.9544191956520081
0.07232510298490524,0.9276748895645142
0.978766679763794,0.021233273670077324
0.06164606288075447,0.9383538961410522
0.04503753408789635,0.9549624919891357
0.05290170758962631,0.9470983147621155
0.09749308228492737,0.902506947517395
0.7018864750862122,0.29811352491378784
0.9910902976989746,0.008909699507057667
0.14375633001327515,0.8562436699867249
0.17769311368465424,0.8223068714141846
0.06231950223445892,0.9376804828643799
0.9382922053337097,0.06170782819390297
0.09777898341417313,0.9022209644317627
0.8392775058746338,0.1607225090265274
0.9898871779441833,0.010112821124494076
0.06626376509666443,0.933736264705658
0.5425819754600525,0.4574180543422699
0.991230845451355,0.008769138716161251
0.07534432411193848,0.9246557354927063
0.2344077080488205,0.7655923366546631
0.6880737543106079,0.3119262158870697
0.07326553016901016,0.9267345070838928
0.21961912512779236,0.78038090467453
0.992958664894104,0.0070413993671536446
0.42948517203330994,0.5705147981643677
0.971869945526123,0.028129994869232178
0.05869303271174431,0.941307008266449
0.929328203201294,0.07067180424928665
0.4216165840625763,0.5783833861351013
0.07880976051092148,0.9211902618408203
0.06275103986263275,0.9372490048408508
0.1353968381881714,0.8646031618118286
0.08634687215089798,0.9136531949043274
0.0646955668926239,0.9353044629096985
0.054143380373716354,0.9458565711975098
0.9931666254997253,0.006833384279161692
0.14497219026088715,0.8550278544425964
0.9522820711135864,0.047717973589897156
0.06765800714492798,0.932341992855072
0.1413366198539734,0.8586633801460266
0.9887005686759949,0.011299403384327888
0.9922462105751038,0.007753841578960419
0.14264795184135437,0.857352077960968
0.06037396192550659,0.9396260380744934
0.14632423222064972,0.8536757230758667
0.19729827344417572,0.8027017116546631
0.24409765005111694,0.7559023499488831
0.9927903413772583,0.0072096786461770535
0.17677175998687744,0.8232281804084778
0.4029216170310974,0.5970784425735474
0.07275743037462234,0.9272425770759583
0.2024817317724228,0.797518253326416
0.17737559974193573,0.8226243853569031
0.9901582598686218,0.009841772727668285
0.06813760846853256,0.9318624138832092
0.2541980445384979,0.7458019256591797
0.6448915004730225,0.3551085293292999
0.24865642189979553,0.7513435482978821
0.10561078041791916,0.8943892121315002
0.9916611909866333,0.00833873450756073
0.34777259826660156,0.6522274017333984
0.1792498230934143,0.8207502365112305
0.22485025227069855,0.7751497030258179
0.9846466779708862,0.015353268943727016
0.40021929144859314,0.5997806787490845
0.9588139057159424,0.04118608310818672
0.10907439887523651,0.8909255862236023
0.9882077574729919,0.011792276054620743
0.09053295105695724,0.9094671010971069
0.2750740349292755,0.7249259352684021
0.11107493937015533,0.8889250755310059
0.189583882689476,0.8104161620140076
0.5472967028617859,0.4527032673358917
0.15966035425662994,0.8403396010398865
0.8259267210960388,0.1740732640028
0.21876375377178192,0.7812361717224121
0.9928355813026428,0.007164375390857458
0.9884780049324036,0.011522033251821995
0.9922624826431274,0.007737555541098118
0.15628327429294586,0.8437167406082153
0.07026355713605881,0.9297363758087158
0.05673705041408539,0.9432629346847534
0.12929445505142212,0.8707055449485779
0.270536333322525,0.7294636964797974
0.17504167556762695,0.8249582648277283
0.1827186495065689,0.8172813653945923
0.9427458047866821,0.05725415050983429
0.06029568240046501,0.9397042989730835
0.9808792471885681,0.019120709970593452
0.3502254784107208,0.6497745513916016
0.9071558713912964,0.09284412115812302
0.9915519952774048,0.008448080159723759
0.9842677712440491,0.015732258558273315
0.08353321999311447,0.9164667725563049
0.9918587803840637,0.008141187019646168
0.1965860277414322,0.8034139275550842
0.0641946792602539,0.9358053803443909
0.9795469641685486,0.020452989265322685
0.9918564558029175,0.008143524639308453
0.20816674828529358,0.7918332815170288
0.0499718114733696,0.9500281810760498
0.9878475666046143,0.012152411974966526
0.49581339955329895,0.5041865706443787
0.06499195098876953,0.9350080490112305
0.9928003549575806,0.007199606858193874
0.9918809533119202,0.008118988946080208
0.9912266135215759,0.00877334177494049
0.052617669105529785,0.9473823308944702
0.7817318439483643,0.21826815605163574
0.06870806217193604,0.9312918782234192
0.4789202809333801,0.5210797190666199
0.5663709044456482,0.4336291253566742
0.9899725914001465,0.010027448646724224
0.9930922985076904,0.006907709874212742
0.197421595454216,0.8025783896446228
0.11552271246910095,0.8844772577285767
0.9933345317840576,0.006665467284619808
0.9222059845924377,0.07779395580291748
0.24721823632717133,0.7527818083763123
0.08377431333065033,0.9162257313728333
0.2861967086791992,0.7138032913208008
0.9797025322914124,0.02029748633503914
0.7033880949020386,0.2966119349002838
0.23936167359352112,0.7606383562088013
0.4417751729488373,0.5582247972488403
0.3449153006076813,0.6550847291946411
0.38089969754219055,0.6191002726554871
0.47923392057418823,0.5207661390304565
0.8360404372215271,0.16395962238311768
0.09391721338033676,0.906082808971405
0.06196683272719383,0.9380331039428711
0.9924100637435913,0.00758998142555356
0.9930249452590942,0.006975078489631414
0.6054873466491699,0.3945126533508301
0.13923422992229462,0.8607657551765442
0.1575724184513092,0.8424276113510132
0.9897775053977966,0.010222448036074638
0.062072187662124634,0.9379278421401978
0.9867984652519226,0.013201559893786907
0.6124191284179688,0.38758087158203125
0.8974352478981018,0.1025647222995758
0.19783776998519897,0.8021621704101562
0.09673420339822769,0.9032658338546753
0.16710759699344635,0.8328923583030701
0.9918522238731384,0.008147790096700191
0.8175479769706726,0.1824519783258438
0.05740918219089508,0.9425908327102661
0.45526760816574097,0.544732391834259
0.6962894201278687,0.30371060967445374
0.053928278386592865,0.9460717439651489
0.1038331687450409,0.8961668014526367
0.05080519616603851,0.9491948485374451
0.20621366798877716,0.7937862873077393
0.3658389747142792,0.6341610550880432
0.16256070137023926,0.8374393582344055
0.1762903928756714,0.8237096667289734
0.0934188961982727,0.9065811634063721
0.053221989423036575,0.9467779397964478
0.2695261240005493,0.7304738163948059
0.06644204258918762,0.93355792760849
0.15858568251132965,0.8414143323898315
0.1547989845275879,0.8452010154724121
0.06661393493413925,0.9333860278129578
0.9920847415924072,0.007915285415947437
0.07658560574054718,0.9234143495559692
0.06706449389457703,0.9329354763031006
0.9908937215805054,0.009106224402785301
0.6412101984024048,0.3587898313999176
0.27297165989875793,0.7270283699035645
0.6048247218132019,0.3951753079891205
0.8318964242935181,0.16810362040996552
0.09100998193025589,0.9089900255203247
0.16898834705352783,0.8310116529464722
0.17069178819656372,0.829308271408081
0.16432487964630127,0.8356751203536987
0.1826060712337494,0.8173938989639282
0.8250950574874878,0.174904927611351
0.1561993658542633,0.8438006639480591
0.9314380288124084,0.06856198608875275
0.44159600138664246,0.5584040284156799
0.9674205183982849,0.03257943317294121
0.9918310046195984,0.008169058710336685
0.99269038438797,0.007309569977223873
0.11884120106697083,0.8811588287353516
0.347856730222702,0.6521432995796204
0.9886063933372498,0.011393589898943901
0.9814635515213013,0.018536441028118134
0.18878929316997528,0.8112106919288635
0.7985263466835022,0.201473668217659
0.6220704913139343,0.3779294788837433
0.5635619759559631,0.43643802404403687
0.6778543591499329,0.32214564085006714
0.9919314980506897,0.008068475872278214
0.35926729440689087,0.6407326459884644
0.9630342721939087,0.0369657538831234
0.09482596069574356,0.9051740169525146
0.08569049090147018,0.9143095016479492
0.13149990141391754,0.8685001134872437
0.05937131494283676,0.9406286478042603
0.23021209239959717,0.7697879076004028
0.2825937271118164,0.7174062728881836
0.4794323742389679,0.5205676555633545
0.2121669352054596,0.7878330945968628
0.07552061229944229,0.9244794249534607
0.11101020127534866,0.8889898061752319
0.06082795560359955,0.939172089099884
0.9892280101776123,0.010771999135613441
0.9929141998291016,0.007085812743753195
0.197275310754776,0.8027247190475464
0.9864364266395569,0.013563533313572407
0.9158799648284912,0.08412004262208939
0.7371352910995483,0.2628646492958069
0.6901768445968628,0.309823215007782
0.19032110273838043,0.8096789121627808
0.07975023239850998,0.9202498197555542
0.9702755808830261,0.029724441468715668
0.10109960287809372,0.8989004492759705
0.9932510256767273,0.00674893893301487
0.20707371830940247,0.7929262518882751
0.05583549663424492,0.944164514541626
0.9524219632148743,0.04757797345519066
0.06754840910434723,0.932451605796814
0.16505596041679382,0.8349440693855286
0.12214570492506027,0.8778542876243591
0.0946640893816948,0.9053359031677246
0.9926839470863342,0.0073160710744559765
0.06636872887611389,0.9336313009262085
0.15191581845283508,0.8480842113494873
0.4695480465888977,0.5304518938064575
0.12884306907653809,0.8711569309234619
0.20960074663162231,0.7903991937637329
0.3708200454711914,0.6291798949241638
0.06427555531263351,0.9357244968414307
0.8796131014823914,0.12038691341876984
0.9888829588890076,0.011117068119347095
0.10436470061540604,0.8956353068351746
0.1995425820350647,0.8004574179649353
0.8285784721374512,0.17142152786254883
0.06526210904121399,0.9347379207611084
0.05821342021226883,0.9417865872383118
0.2873518466949463,0.7126480937004089
0.09679974615573883,0.9032002687454224
0.051188692450523376,0.9488113522529602
0.06410179287195206,0.9358981847763062
0.04275120794773102,0.957248866558075
0.9798189401626587,0.020181117579340935
0.13601940870285034,0.8639805912971497
0.9841930270195007,0.01580696366727352
0.10929188877344131,0.8907080888748169
0.21747438609600067,0.7825255990028381
0.2418612241744995,0.7581387162208557
0.24534408748149872,0.7546558976173401
0.9917248487472534,0.008275067433714867
0.04573404788970947,0.9542658925056458
0.9916684627532959,0.00833146646618843
0.2149982750415802,0.7850017547607422
0.9907060265541077,0.009293941780924797
0.1636916548013687,0.8363083600997925
0.06255118548870087,0.9374487996101379
0.06030614674091339,0.9396939277648926
0.14185824990272522,0.8581417798995972
0.17388081550598145,0.8261191248893738
0.09181907027959824,0.9081808924674988
0.9928188920021057,0.00718105211853981
0.3004298210144043,0.6995702385902405
0.18220709264278412,0.8177928924560547
0.2911098599433899,0.7088901400566101
0.9923521876335144,0.007647810038179159
0.0686793252825737,0.9313206076622009
0.8978939056396484,0.10210605710744858
0.7541505098342896,0.24584944546222687
0.5480533838272095,0.45194658637046814
0.9908084273338318,0.009191639721393585
0.3201630711555481,0.6798368692398071
0.1426122635602951,0.8573877215385437
0.14726589620113373,0.8527340888977051
0.29943662881851196,0.700563371181488
0.3698810636997223,0.6301189064979553
0.9925853610038757,0.007414581719785929
0.3086407482624054,0.691359281539917
0.9884054660797119,0.011594530194997787
0.7306158542633057,0.2693842053413391
0.09489630162715912,0.9051036834716797
0.23476296663284302,0.765237033367157
0.37321338057518005,0.6267866492271423
0.09716729074716568,0.9028327465057373
0.22939258813858032,0.7706074118614197
0.9929199814796448,0.007080048322677612
0.9876442551612854,0.012355700135231018
0.9919208288192749,0.008079227060079575
0.9865050911903381,0.013494943268597126
0.22874008119106293,0.7712598443031311
0.6158198714256287,0.3841801881790161
0.9881837964057922,0.011816265992820263
0.6468384861946106,0.353161484003067
0.98222416639328,0.01777578517794609
0.11494401842355728,0.8850559592247009
0.11269007623195648,0.8873098492622375
0.9937052130699158,0.006294773891568184
0.992976725101471,0.007023218087852001
0.9514268636703491,0.04857310280203819
0.05967815965414047,0.9403218030929565
0.9931167364120483,0.006883229594677687
0.9930847883224487,0.006915257778018713
0.1608782559633255,0.8391217589378357
0.8584612607955933,0.14153872430324554
0.7478005290031433,0.2521995007991791
0.9372281432151794,0.06277181208133698
0.23538769781589508,0.7646122574806213
0.09397102147340775,0.9060289859771729
0.9714897274971008,0.028510283678770065
0.25146037340164185,0.7485396265983582
0.08544929325580597,0.9145506620407104
0.10573054850101471,0.8942694664001465
0.08939485251903534,0.9106051921844482
0.9933440685272217,0.006655882112681866
0.9803638458251953,0.019636154174804688
0.38995084166526794,0.6100491881370544
0.07958342880010605,0.9204165935516357
0.12060203403234482,0.879397988319397
0.28365981578826904,0.716340184211731
0.8875993490219116,0.11240070313215256
0.049166351556777954,0.9508336186408997
0.5414118766784668,0.4585881233215332
0.1003093272447586,0.8996906876564026
0.8335643410682678,0.16643564403057098
0.1869061142206192,0.8130938410758972
0.39824363589286804,0.6017563939094543
0.5373327136039734,0.4626672863960266
0.9416801333427429,0.05831992253661156
0.11255648732185364,0.8874435424804688
0.18907657265663147,0.8109234571456909
0.9916252493858337,0.00837474875152111
0.9917412996292114,0.008258766494691372
0.07108215987682343,0.9289178252220154
0.1669473946094513,0.8330525755882263
0.14736001193523407,0.8526399731636047
0.4756440818309784,0.5243558883666992
0.05828387290239334,0.941716194152832
0.6899480819702148,0.31005191802978516
0.6822909712791443,0.3177090287208557
0.47074341773986816,0.5292565822601318
0.9925064444541931,0.007493495941162109
0.9904817938804626,0.009518194943666458
0.9926058053970337,0.007394182495772839
0.3713033199310303,0.6286966800689697
0.9933528900146484,0.006647041067481041
0.8601958751678467,0.1398041546344757
0.9910368919372559,0.008963092230260372
0.10370143502950668,0.8962985873222351
0.9843013882637024,0.01569865271449089
0.7138248085975647,0.2861751914024353
0.8168385028839111,0.18316154181957245
0.9135454297065735,0.0864545926451683
0.9489381909370422,0.05106177181005478
0.9924120306968689,0.007587941363453865
0.12154305726289749,0.8784568905830383
0.09392474591732025,0.9060752987861633
0.9919368028640747,0.008063188754022121
0.9917234778404236,0.008276574313640594
0.9644373059272766,0.03556269407272339
0.17931611835956573,0.8206838965415955
0.13043518364429474,0.8695647716522217
0.056152813136577606,0.9438471794128418
0.9920714497566223,0.007928521372377872
0.10641112178564072,0.8935888409614563
0.28050199151039124,0.7194979786872864
0.4996322989463806,0.5003677606582642
0.42919352650642395,0.5708065032958984
0.9908916354179382,0.009108389727771282
0.9620420932769775,0.03795793280005455
0.9830586910247803,0.016941338777542114
0.1847374439239502,0.8152625560760498
0.9274720549583435,0.0725279375910759
0.9925007224082947,0.007499285973608494
0.9934060573577881,0.0065939053893089294
0.9910218119621277,0.008978208526968956
0.9848960638046265,0.015103964135050774
0.5005695819854736,0.49943044781684875
0.12883572280406952,0.8711642622947693
0.27344679832458496,0.7265532612800598
0.09978720545768738,0.900212824344635
0.053442757576704025,0.9465572237968445
0.07631432265043259,0.9236857295036316
0.2743662893772125,0.7256337404251099
0.10132985562086105,0.8986701965332031
0.9319074749946594,0.06809250265359879
0.04373792186379433,0.9562620520591736
0.9426609873771667,0.057339075952768326
0.13580846786499023,0.8641915321350098
0.23601438105106354,0.7639856338500977
0.1214379072189331,0.8785621523857117
0.991768479347229,0.008231534622609615
0.9868839383125305,0.013116109184920788
0.24914315342903137,0.750856876373291
0.7226333022117615,0.2773666977882385
0.08288843184709549,0.9171115756034851
0.9921628832817078,0.00783715769648552
0.16241833567619324,0.8375816345214844
0.8984233736991882,0.10157665610313416
0.9781585931777954,0.021841395646333694
0.33691978454589844,0.6630802154541016
0.9866123199462891,0.013387651182711124
0.9909714460372925,0.009028565138578415
0.9610159993171692,0.03898400068283081
0.1070731058716774,0.8929268717765808
0.49114882946014404,0.508851170539856
0.991033136844635,0.008966824971139431
0.06670699268579483,0.9332929849624634
0.140432670712471,0.8595673441886902
0.9399077296257019,0.060092248022556305
0.7715048789978027,0.22849510610103607
0.9928250312805176,0.007175013422966003
0.9919946193695068,0.00800540205091238
0.19515904784202576,0.8048409819602966
0.9398980736732483,0.06010192260146141
0.9906964302062988,0.00930363405495882
0.048594340682029724,0.9514056444168091
0.6922175288200378,0.30778250098228455
0.348755806684494,0.6512441635131836
0.3062381446361542,0.6937618851661682
0.05766793712973595,0.9423320889472961
0.06391926109790802,0.9360807538032532
0.992703914642334,0.007296078372746706
0.044051360338926315,0.9559486508369446
0.2840588092803955,0.7159411311149597
0.9887324571609497,0.01126756053417921
0.9900890588760376,0.00991087593138218
0.8826253414154053,0.11737466603517532
0.9841968417167664,0.015803180634975433
0.11297955363988876,0.8870204091072083
0.19832049310207367,0.8016794919967651
0.9377572536468506,0.062242764979600906
0.7742062211036682,0.22579382359981537
0.17568254470825195,0.824317455291748
0.07342028617858887,0.9265797138214111
0.6737960577011108,0.32620397210121155
0.2262333780527115,0.7737665772438049
0.27023008465766907,0.7297698855400085
0.3540361225605011,0.6459638476371765
0.13326379656791687,0.8667362332344055
0.9930372834205627,0.006962657440453768
0.9896608591079712,0.010339133441448212
0.9926279187202454,0.007372145541012287
0.16298723220825195,0.837012767791748
0.1544269323348999,0.8455730676651001
0.422635018825531,0.5773650407791138
0.9598169326782227,0.04018310457468033
0.1853388100862503,0.8146612048149109
0.9792600274085999,0.02073999121785164
0.10736579447984695,0.8926341533660889
0.16003312170505524,0.839966893196106
0.874308705329895,0.12569133937358856
0.17831538617610931,0.8216846585273743
0.9875627756118774,0.012437194585800171
0.9887769818305969,0.01122303493320942
0.8705230951309204,0.1294768750667572
0.9928665161132812,0.00713348900899291
0.9893849492073059,0.010615035891532898
0.9800193309783936,0.019980665296316147
0.7086591720581055,0.29134079813957214
0.9865660071372986,0.013434043154120445
0.3602074980735779,0.6397925019264221
0.1610247641801834,0.8389752507209778
0.06686383485794067,0.9331362247467041
0.7410415410995483,0.25895851850509644
0.09415197372436523,0.90584796667099
0.9916172623634338,0.008382800035178661
0.2045353502035141,0.7954646348953247
0.08047403395175934,0.9195259213447571
0.18614929914474487,0.8138507008552551
0.13091126084327698,0.8690887689590454
0.06010580062866211,0.9398941397666931
0.13335832953453064,0.8666417002677917
0.9660495519638062,0.033950503915548325
0.06300007551908493,0.9369999170303345
0.11753150075674057,0.8824685215950012
0.5078898668289185,0.49211013317108154
0.08209865540266037,0.9179013967514038
0.06935734301805496,0.9306426644325256
0.9328124523162842,0.06718751043081284
0.8435658812522888,0.15643411874771118
0.15782038867473602,0.8421796560287476
0.9575889110565186,0.04241110756993294
0.9919235110282898,0.008076447993516922
0.17281726002693176,0.8271827101707458
0.23894447088241577,0.7610555291175842
0.3199909031391144,0.6800090670585632
0.31863272190093994,0.6813673377037048
0.9813882112503052,0.018611745908856392
0.09394844621419907,0.9060515761375427
0.9901312589645386,0.009868680499494076
0.06248585507273674,0.937514066696167
0.9920209050178528,0.007979066111147404
0.4770198464393616,0.5229801535606384
0.9901952147483826,0.009804797358810902
0.10563896596431732,0.8943610191345215
0.9917042255401611,0.00829581543803215
0.9833428859710693,0.016657119616866112
0.10590272396802902,0.8940972089767456
0.2588837146759033,0.7411162853240967
0.9891924262046814,0.01080760546028614
0.12585392594337463,0.874146044254303
0.26578959822654724,0.7342104315757751
0.3062695562839508,0.6937304735183716
0.10172948986291885,0.8982705473899841
0.1635809689760208,0.8364190459251404
0.5633118748664856,0.4366881251335144
0.07841366529464722,0.9215863347053528
0.16645239293575287,0.8335475921630859
0.9924060702323914,0.007593897171318531
0.9918528199195862,0.008147199638187885
0.9932924509048462,0.006707595661282539
0.0665518194437027,0.9334482550621033
0.36194950342178345,0.6380504965782166
0.9925143122673035,0.007485684007406235
0.8079195022583008,0.1920805275440216
0.05253227800130844,0.9474676847457886
0.5873129367828369,0.4126870632171631
0.3790788948535919,0.6209210753440857
0.3202735185623169,0.6797264814376831
0.0701320543885231,0.9298679232597351
0.9848944544792175,0.015105579979717731
0.9904842376708984,0.009515760466456413
0.31346800923347473,0.6865319609642029
0.13483354449272156,0.865166425704956
0.9927690029144287,0.007230986375361681
0.1601598560810089,0.8398401141166687
0.06349001824855804,0.9365099668502808
0.192209854722023,0.8077901005744934
0.10727384686470032,0.8927261829376221
0.04932049661874771,0.9506795406341553
0.2332647144794464,0.766735315322876
0.9927310347557068,0.007268975954502821
0.1584784984588623,0.8415215015411377
0.19712194800376892,0.8028780817985535
0.992938220500946,0.007061815354973078
0.1404917687177658,0.8595082759857178
0.2859596908092499,0.7140402793884277
0.21673418581485748,0.7832658290863037
0.9426888227462769,0.05731116607785225
0.19919168949127197,0.800808310508728
0.11351457983255386,0.8864854574203491
0.29011455178260803,0.7098854184150696
0.9926466941833496,0.007353305350989103
0.9929290413856506,0.007070942781865597
0.9687777757644653,0.031222226098179817
0.09853766113519669,0.9014623165130615
0.05712612718343735,0.9428738355636597
0.21482186019420624,0.7851781845092773
0.9918357729911804,0.008164210245013237
0.143858402967453,0.8561415672302246
0.8527567982673645,0.14724314212799072
0.07796616107225418,0.9220339059829712
0.6362127065658569,0.36378732323646545
0.9929628968238831,0.007037156727164984
0.06371258944272995,0.9362874031066895
0.11644204705953598,0.8835579752922058
0.989523708820343,0.01047627441585064
0.14934185147285461,0.8506581783294678
0.9928460717201233,0.007153923157602549
0.06109071522951126,0.9389092922210693
0.13760018348693848,0.8623998165130615
0.40888458490371704,0.591115415096283
0.9919115900993347,0.008088490925729275
0.06319192796945572,0.9368081092834473
0.049139294773340225,0.9508606791496277
0.9932118654251099,0.006788092665374279
0.296701043844223,0.7032989263534546
0.9776975512504578,0.02230238728225231
0.07943692803382874,0.9205631017684937
0.20089466869831085,0.7991052865982056
0.04711892455816269,0.9528810977935791
0.357918381690979,0.6420816779136658
0.3918341398239136,0.6081658601760864
0.9920220375061035,0.007977934554219246
0.05865287780761719,0.9413471221923828
0.10976842790842056,0.8902316093444824
0.04554261639714241,0.9544574022293091
0.06787500530481339,0.9321250319480896
0.9920862317085266,0.007913784123957157
0.0464409738779068,0.9535589814186096
0.9905245900154114,0.009475477039813995
0.9894367456436157,0.01056325901299715
0.20472119748592377,0.795278787612915
0.18979942798614502,0.8102006316184998
0.08596259355545044,0.9140374660491943
0.4667835533618927,0.5332164168357849
0.04538638889789581,0.9546136260032654
0.09427041560411453,0.9057295322418213
0.16887016594409943,0.831129789352417
0.9922898411750793,0.007710123900324106
0.9915567636489868,0.008443206548690796
0.07083558291196823,0.9291644096374512
0.08485404402017593,0.915145993232727
0.05182294920086861,0.9481770992279053
0.9928682446479797,0.007131763268262148
0.5391884446144104,0.4608114957809448
0.2799946665763855,0.7200053334236145
0.989367663860321,0.010632327757775784
0.9903959631919861,0.009604053571820259
0.5528814792633057,0.44711852073669434
0.58739173412323,0.4126083254814148
0.23721125721931458,0.7627887725830078
0.0505988784134388,0.9494010806083679
0.07833806425333023,0.9216619729995728
0.48446622490882874,0.5155338048934937
0.06591726094484329,0.9340828061103821
0.4656517207622528,0.5343482494354248
0.33608847856521606,0.6639114618301392
0.8844224214553833,0.11557760089635849
0.1416177749633789,0.8583822250366211
0.9918347597122192,0.008165295235812664
0.9905633926391602,0.009436601772904396
0.08949488401412964,0.9105050563812256
0.9760382771492004,0.023961706086993217
0.25634682178497314,0.7436531782150269
0.2825734615325928,0.7174265384674072
0.20828597247600555,0.791714072227478
0.0777154192328453,0.9222846031188965
0.17664851248264313,0.8233515024185181
0.9781758189201355,0.02182420715689659
0.9893011450767517,0.010698787868022919
0.1403670758008957,0.8596329092979431
0.05664651095867157,0.943353533744812
0.9796605706214905,0.0203394778072834
0.120418019592762,0.8795819282531738
0.2715778648853302,0.7284221649169922
0.9563005566596985,0.043699510395526886
0.20220020413398743,0.797799825668335
0.9906085729598999,0.009391481056809425
0.9786365032196045,0.02136349305510521
0.13030274212360382,0.8696973323822021
0.9306766986846924,0.06932327151298523
0.05590364709496498,0.9440963864326477
0.9912920594215393,0.008707943372428417
0.9924374222755432,0.00756254605948925
0.17508985102176666,0.8249101638793945
0.2459520548582077,0.7540479898452759
0.9924955368041992,0.007504462730139494
0.9308730363845825,0.06912694871425629
0.9915590286254883,0.008440971374511719
0.06482018530368805,0.9351798295974731
0.0966372862458229,0.9033626914024353
0.08715102076530457,0.912848949432373
0.05958031862974167,0.940419614315033
0.09941642731428146,0.9005835652351379
0.049086857587099075,0.9509131908416748
0.13201270997524261,0.867987334728241
0.20640210807323456,0.7935978770256042
0.9447832107543945,0.05521676689386368
0.9787620306015015,0.021237941458821297
0.08382554352283478,0.9161744713783264
0.05594392865896225,0.9440561532974243
0.11115630716085434,0.8888436555862427
0.08571607619524002,0.9142839312553406
0.9925678968429565,0.007432068232446909
0.11452708393335342,0.8854728937149048
0.4128529131412506,0.587147057056427
0.5570951700210571,0.4429048001766205
0.05189952254295349,0.9481004476547241
0.975078284740448,0.024921763688325882
0.11068139225244522,0.889318585395813
0.07661519199609756,0.9233847856521606
0.21407204866409302,0.785927951335907
0.2940528690814972,0.7059471011161804
0.30384859442710876,0.6961513757705688
0.5597700476646423,0.4402299225330353
0.0897834524512291,0.9102165102958679
0.9928339719772339,0.007166003808379173
0.10168291628360748,0.8983170986175537
0.9907532930374146,0.00924674142152071
0.2367335706949234,0.7632664442062378
0.051648594439029694,0.9483513832092285
0.06627412885427475,0.9337258338928223
0.6553626656532288,0.34463736414909363
0.0906006395816803,0.9093993902206421
0.33319321274757385,0.6668067574501038
0.19787120819091797,0.8021288514137268
0.12156791985034943,0.878432035446167
0.2454434186220169,0.7545565962791443
0.9928727149963379,0.007127209100872278
0.6102883219718933,0.3897116482257843
0.32435086369514465,0.675649106502533
0.19790425896644592,0.8020957112312317
0.04960346966981888,0.9503964781761169
0.2714654505252838,0.7285345792770386
0.2383173555135727,0.7616826295852661
0.76735520362854,0.23264478147029877
0.06226247176527977,0.9377375245094299
0.25256648659706116,0.7474335432052612
0.989597737789154,0.010402314364910126
0.9766553640365601,0.023344658315181732
0.10313702374696732,0.8968629837036133
0.24312862753868103,0.7568713426589966
0.0958680808544159,0.9041318893432617
0.9915105104446411,0.008489487692713737
0.08540904521942139,0.9145909547805786
0.07068502902984619,0.929314911365509
0.2383907288312912,0.7616092562675476
0.053733330219984055,0.9462667107582092
0.9879578948020935,0.012042086571455002
0.16345776617527008,0.8365422487258911
0.15966200828552246,0.8403379321098328
0.1065782979130745,0.8934217095375061
0.9911012649536133,0.008898750878870487
0.05119794234633446,0.94880211353302
0.07842794805765152,0.9215720891952515
0.4295887351036072,0.5704112648963928
0.13716469705104828,0.8628352880477905
0.3311324417591095,0.6688675880432129
0.060898322612047195,0.9391016364097595
0.693891704082489,0.30610835552215576
0.09625554084777832,0.9037445187568665
0.24533869326114655,0.7546612620353699
0.32555216550827026,0.6744478344917297
0.27518975734710693,0.7248102426528931
0.07422515004873276,0.925774872303009
0.9905610680580139,0.009438959881663322
0.41877418756484985,0.5812258124351501
0.9580882787704468,0.04191167652606964
0.08760331571102142,0.9123966693878174
0.05563120171427727,0.9443687796592712
0.23639754951000214,0.7636024355888367
0.5519871115684509,0.44801291823387146
0.993022620677948,0.00697739701718092
0.9821333289146423,0.01786671206355095
0.11686387658119202,0.8831360936164856
0.28410035371780396,0.7158995866775513
0.14510378241539001,0.8548961877822876
0.19080790877342224,0.8091921210289001
0.1277674287557602,0.8722326159477234
0.9927253723144531,0.007274554576724768
0.5797809362411499,0.4202190339565277
0.4792172908782959,0.5207827687263489
0.22516311705112457,0.7748368978500366
0.4657435417175293,0.5342564582824707
0.3215886950492859,0.6784113049507141
0.9915040135383606,0.00849592499434948
0.1317862570285797,0.8682137131690979
0.9899693131446838,0.01003064401447773
0.46140921115875244,0.5385907888412476
0.1773681491613388,0.8226318359375
0.5797193050384521,0.42028069496154785
0.9913391470909119,0.008660824038088322
0.2690405249595642,0.7309594750404358
0.9876580238342285,0.0123419975861907
0.09463413804769516,0.9053658843040466
0.10341093689203262,0.8965890407562256
0.07705261558294296,0.9229474067687988
0.945106029510498,0.054893992841243744
0.07508019357919693,0.9249197840690613
0.0673925131559372,0.9326074123382568
0.2334429770708084,0.766556978225708
0.9678971767425537,0.032102879136800766
0.20757722854614258,0.7924227714538574
0.9921635389328003,0.007836396805942059
0.9339109063148499,0.06608912348747253
0.2735680043697357,0.7264320254325867
0.9922434687614441,0.007756528444588184
0.0643652081489563,0.9356347918510437
0.16017001867294312,0.8398299813270569
0.970439612865448,0.029560387134552002
0.05254961922764778,0.9474503397941589
0.221597820520401,0.7784021496772766
0.9472584128379822,0.052741602063179016
0.2414981871843338,0.7585017681121826
0.12322641909122467,0.8767735362052917
0.12087684124708176,0.8791231513023376
0.11272744089365005,0.8872725367546082
0.9927089214324951,0.007291082758456469
0.8061896562576294,0.1938103884458542
0.12016205489635468,0.8798379302024841
0.9857880473136902,0.01421192567795515
0.9896236062049866,0.010376394726336002
0.7831659317016602,0.21683405339717865
0.060507699847221375,0.9394922852516174
0.25192195177078247,0.7480779886245728
0.9900417327880859,0.009958198294043541
0.0880979523062706,0.9119020700454712
0.9916452765464783,0.0083547318354249
0.14214257895946503,0.857857346534729
0.5858169794082642,0.41418302059173584
0.9917762279510498,0.008223745040595531
0.06390735507011414,0.9360926747322083
0.24941128492355347,0.7505887150764465
0.9935173988342285,0.006482603494077921
0.08543034642934799,0.9145696759223938
0.06436481326818466,0.9356352090835571
0.1623261421918869,0.8376738429069519
0.4036220908164978,0.596377968788147
0.9929227828979492,0.007077148649841547
0.08169656991958618,0.9183034300804138
0.2649695575237274,0.735030472278595
0.06972462683916092,0.9302754402160645
0.14943088591098785,0.8505691289901733
0.059275444597005844,0.9407244920730591
0.13455484807491302,0.8654451966285706
0.9897757768630981,0.010224233381450176
0.16046340763568878,0.8395366072654724
0.2555004358291626,0.7444995641708374
0.8381043076515198,0.16189564764499664
0.9273215532302856,0.07267845422029495
0.9934031367301941,0.006596819963306189
0.993198812007904,0.00680121872574091
0.1081230416893959,0.8918769955635071
0.8412383198738098,0.1587616354227066
0.8638300895690918,0.13616997003555298
0.9812939763069153,0.018705999478697777
0.9914097189903259,0.008590267039835453
0.29312416911125183,0.7068758606910706
0.36950168013572693,0.6304982900619507
0.40194106101989746,0.5980589389801025
0.08214900642633438,0.9178509712219238
0.22492386400699615,0.775076150894165
0.2760061025619507,0.7239938974380493
0.9928037524223328,0.007196181919425726
0.12959247827529907,0.8704075217247009
0.08148252218961716,0.9185174703598022
0.7011467218399048,0.2988532483577728
0.09850134700536728,0.9014986157417297
0.9932273030281067,0.006772672291845083
0.522727906703949,0.477272093296051
0.2372860610485077,0.7627139091491699
0.4139784872531891,0.5860215425491333
0.4480628967285156,0.5519371032714844
0.2239132821559906,0.776086688041687
0.8834919929504395,0.11650802195072174
0.977920651435852,0.022079406306147575
0.9919169545173645,0.008083087392151356
0.992206871509552,0.007793150842189789
0.09776703268289566,0.9022329449653625
0.9920050501823425,0.00799494981765747
0.9929043650627136,0.00709559116512537
0.11257846653461456,0.8874215483665466
0.17782457172870636,0.8221753835678101
0.3690824508666992,0.6309175491333008
0.537634015083313,0.4623660147190094
0.18424248695373535,0.8157575726509094
0.4985720217227936,0.5014280080795288
0.26644113659858704,0.7335588932037354
0.9918660521507263,0.008133897557854652
0.05556406080722809,0.9444358944892883
0.14308910071849823,0.8569109439849854
0.08602867275476456,0.9139713048934937
0.33339112997055054,0.6666088700294495
0.055207639932632446,0.9447923302650452
0.5626083612442017,0.43739163875579834
0.9895914196968079,0.010408555157482624
0.9921211004257202,0.007878882810473442
0.10475587844848633,0.8952440619468689
0.4546055793762207,0.5453944206237793
0.13469116389751434,0.8653087615966797
0.056788865476846695,0.9432111978530884
0.9925487041473389,0.007451302837580442
0.9866353869438171,0.013364658690989017
0.06908201426267624,0.9309179782867432
0.8176076412200928,0.18239231407642365
0.9919093251228333,0.008090609684586525
0.21458908915519714,0.7854109406471252
0.31821444630622864,0.681785523891449
0.07329030334949493,0.9267097115516663
0.2904013693332672,0.7095986008644104
0.9927172660827637,0.007282734848558903
0.3476733863353729,0.6523265838623047
0.1859414428472519,0.8140585422515869
0.9042693376541138,0.09573063999414444
0.9757091999053955,0.024290841072797775
0.9923796653747559,0.0076203555800020695
0.1353863924741745,0.8646135926246643
0.9870679974555969,0.012932044453918934
0.10404615849256516,0.8959538340568542
0.07711026072502136,0.9228897094726562
0.4079817235469818,0.5920183062553406
0.6087740659713745,0.3912259042263031
0.11298058182001114,0.8870193958282471
0.9922986626625061,0.007701295893639326
0.0645643025636673,0.9354357719421387
0.5730665922164917,0.4269334673881531
0.17751619219779968,0.8224838376045227
0.1335272192955017,0.8664727807044983
0.9657180905342102,0.034281834959983826
0.0888664573431015,0.9111335277557373
0.17923884093761444,0.8207612037658691
0.2189362496137619,0.7810637354850769
0.21664270758628845,0.7833572626113892
0.07286154478788376,0.9271384477615356
0.9821258783340454,0.017874177545309067
0.11397021263837814,0.8860297203063965
0.43038174510002136,0.569618284702301
0.42449164390563965,0.5755082964897156
0.20959986746311188,0.7904000878334045
0.7187756896018982,0.2812243103981018
0.09739483892917633,0.9026051163673401
0.25252655148506165,0.7474734783172607
0.0744074285030365,0.9255925416946411
0.9912617206573486,0.008738206699490547
0.9799971580505371,0.020002838224172592
0.10095381736755371,0.8990461826324463
0.07317604124546051,0.9268239736557007
0.9858207702636719,0.014179269783198833
0.9930544495582581,0.006945524364709854
0.2608495056629181,0.7391505241394043
0.735868513584137,0.26413145661354065
0.9910566806793213,0.008943346329033375
0.09986735880374908,0.9001326560974121
0.15156352519989014,0.8484365344047546
0.19753172993659973,0.8024682402610779
0.9919933080673218,0.008006622083485126
0.5860245227813721,0.4139755368232727
0.1310378611087799,0.8689621686935425
0.0610659159719944,0.9389340877532959
0.2503454089164734,0.7496545910835266
0.9915618300437927,0.008438178338110447
0.0650351420044899,0.9349648952484131
0.06303238123655319,0.9369676113128662
0.10006724298000336,0.8999327421188354
0.09158486127853394,0.9084151387214661
0.9870229363441467,0.012977084144949913
0.059868138283491135,0.9401319026947021
0.47491568326950073,0.525084376335144
0.26095739006996155,0.7390425801277161
0.1465933918952942,0.8534066081047058
0.9919272661209106,0.008072671480476856
0.06685526669025421,0.9331446886062622
0.8928636908531189,0.10713633894920349
0.9932760000228882,0.006723982281982899
0.08765663951635361,0.9123433828353882
0.9923460483551025,0.007653968408703804
0.2289685755968094,0.771031379699707
0.050513915717601776,0.9494860768318176
0.04635855555534363,0.9536414742469788
0.701427161693573,0.298572838306427
0.1489608734846115,0.8510391116142273
0.13557027280330658,0.864429771900177
0.06443928182125092,0.9355607032775879
0.9856025576591492,0.01439746469259262
0.19692960381507874,0.8030703663825989
0.27163028717041016,0.7283697128295898
0.19599680602550507,0.8040031790733337
0.9932873845100403,0.0067125591449439526
0.10001982748508453,0.8999801874160767
0.16842880845069885,0.8315711617469788
0.992798924446106,0.007201079744845629
0.9913119077682495,0.008688087575137615
0.08044277876615524,0.9195572137832642
0.9904272556304932,0.00957278162240982
0.07149028778076172,0.9285097122192383
0.05035717040300369,0.9496427774429321
0.9897406101226807,0.01025934424251318
0.17659808695316315,0.823401927947998
0.20946726202964783,0.7905327081680298
0.1159248948097229,0.8840751647949219
0.9621129631996155,0.037887003272771835
0.9883669018745422,0.011633130721747875
0.9887324571609497,0.01126756053417921
0.0664447620511055,0.9335552453994751
0.974895715713501,0.02510426566004753
0.06052934005856514,0.9394707083702087
0.8533640503883362,0.14663590490818024
0.9922423362731934,0.007757657673209906
0.993179440498352,0.006820565555244684
0.1507769078016281,0.8492230772972107
0.8588697910308838,0.1411302387714386
0.08559773862361908,0.9144023060798645
0.16029514372348785,0.8397048711776733
0.16710759699344635,0.8328923583030701
0.9887058734893799,0.01129412092268467
0.09212475270032883,0.9078752994537354
0.9931405186653137,0.006859432440251112
0.2676602303981781,0.7323397994041443
0.5547168254852295,0.4452831447124481
0.5479344725608826,0.45206552743911743
0.1179082915186882,0.882091760635376
0.10436686128377914,0.8956331014633179
0.1724228411912918,0.8275771737098694
0.4873902499675751,0.5126097798347473
0.9868125319480896,0.013187509961426258
0.0625082328915596,0.937491774559021
0.9922521710395813,0.0077478643506765366
0.8083397746086121,0.19166021049022675
0.18163487315177917,0.8183651566505432
0.47200456261634827,0.5279954671859741
0.5316024422645569,0.4683975279331207
0.1715734302997589,0.8284265995025635
0.08711214363574982,0.9128878712654114
0.08090995997190475,0.9190900325775146
0.18672893941402435,0.8132710456848145
0.8760131597518921,0.12398683279752731
0.42791542410850525,0.5720846056938171
0.0774940773844719,0.9225058555603027
0.2860843539237976,0.7139157056808472
0.1363702118396759,0.8636298179626465
0.05594624578952789,0.9440537691116333
0.09026537090539932,0.9097346067428589
0.9920902252197266,0.007909738458693027
0.20961885154247284,0.7903811931610107
0.0540320985019207,0.9459679126739502
0.9881837964057922,0.011816265992820263
0.9296358227729797,0.07036421447992325
0.6038088798522949,0.39619114995002747
0.9915848970413208,0.008415106683969498
0.2831506133079529,0.7168493866920471
0.9166553020477295,0.08334473520517349
0.9919223785400391,0.008077595382928848
0.10648488998413086,0.8935150504112244
0.9883115887641907,0.011688453145325184
0.9923692941665649,0.0076306969858706
0.10356154292821884,0.896438479423523
0.13438792526721954,0.8656120300292969
0.13839203119277954,0.8616079092025757
0.06682650744915009,0.9331734776496887
0.8821527361869812,0.11784727871417999
0.15408362448215485,0.8459163308143616
0.2873968183994293,0.7126032114028931
0.14447173476219177,0.8555282950401306
0.9642158150672913,0.03578420728445053
0.20285047590732574,0.7971495389938354
0.2213478982448578,0.7786521315574646
0.07730814814567566,0.9226918816566467
0.792236328125,0.2077636569738388
0.1800885647535324,0.8199114203453064
0.07130058109760284,0.9286994934082031
0.05397162586450577,0.9460284113883972
0.3111076354980469,0.6888923645019531
0.10167412459850311,0.8983258605003357
0.270733118057251,0.729266881942749
0.05173629894852638,0.9482637047767639
0.3926270306110382,0.6073729991912842
0.2567273676395416,0.7432726621627808
0.07274159789085388,0.9272583723068237
0.2630879878997803,0.736911952495575
0.09546513110399246,0.9045349359512329
0.05657576769590378,0.9434241652488708
0.990044355392456,0.0099556315690279
0.24750669300556183,0.7524933218955994
0.18568024039268494,0.8143197298049927
0.9918506741523743,0.008149293251335621
0.9903439283370972,0.00965612567961216
0.7921266555786133,0.20787332952022552
0.39548784494400024,0.604512095451355
0.5378443002700806,0.4621557295322418
0.07106956094503403,0.9289304614067078
0.9585745930671692,0.04142538830637932
0.15873806178569794,0.8412619233131409
0.07605297118425369,0.9239469766616821
0.9927287101745605,0.007271301932632923
0.16584531962871552,0.8341546654701233
0.9830271601676941,0.0169728621840477
0.9859228134155273,0.014077120460569859
0.08016618341207504,0.919833779335022
0.3260633051395416,0.6739367246627808
0.8788708448410034,0.12112908065319061
0.1013529822230339,0.8986470699310303
0.9919781684875488,0.008021815679967403
0.983945906162262,0.016054105013608932
0.23916153609752655,0.760838508605957
0.9928086996078491,0.007191316224634647
0.9912502765655518,0.008749733678996563
0.10423313081264496,0.8957669138908386
0.09576305747032166,0.9042369723320007
0.0989961177110672,0.9010038375854492
0.15484613180160522,0.84515380859375
0.9825001358985901,0.017499830573797226
0.08231786638498306,0.9176821708679199
0.16330289840698242,0.8366971015930176
0.2525345981121063,0.7474653720855713
0.08189592510461807,0.9181041121482849
0.9879117012023926,0.01208836492151022
0.993282675743103,0.006717314012348652
0.22612182796001434,0.7738781571388245
0.05659959837794304,0.9434004426002502
0.11372107267379761,0.8862789273262024
0.9325591325759888,0.06744090467691422
0.08290139585733414,0.9170985817909241
0.9929828643798828,0.007017149124294519
0.5522356033325195,0.44776442646980286
0.9704190492630005,0.029580911621451378
0.989617645740509,0.010382335633039474
0.9925723671913147,0.0074276127852499485
0.5192350745201111,0.4807649552822113
0.1355639398097992,0.8644360899925232
0.9873514771461487,0.012648580595850945
0.842061460018158,0.15793853998184204
0.24505378305912018,0.754946231842041
0.07327035069465637,0.926729679107666
0.15031909942626953,0.8496809005737305
0.3848040699958801,0.6151958703994751
0.07263316959142685,0.9273668527603149
0.9925060868263245,0.007493879180401564
0.987768828868866,0.012231143191456795
0.1466774344444275,0.8533225655555725
0.08317170292139053,0.9168282151222229
0.0784197747707367,0.9215801954269409
0.3423598110675812,0.6576401591300964
0.1680210381746292,0.8319789171218872
0.9902881383895874,0.00971185602247715
0.9921303391456604,0.007869625464081764
0.4120182394981384,0.5879817605018616
0.09143821895122528,0.9085617661476135
0.15305471420288086,0.8469453454017639
0.9918553829193115,0.008144669234752655
0.9906483292579651,0.009351714514195919
0.9733147025108337,0.026685304939746857
0.9926309585571289,0.007369026076048613
0.06950107216835022,0.9304989576339722
0.10235347598791122,0.8976464867591858
0.06724214553833008,0.9327579140663147
0.9929297566413879,0.0070702629163861275
0.9929445385932922,0.007055452559143305
0.08857127279043198,0.9114287495613098
0.9878475666046143,0.012152411974966526
0.09162019938230515,0.908379852771759
0.6826879382133484,0.3173120617866516
0.9722561836242676,0.027743753045797348
0.7095920443534851,0.2904079556465149
0.9898578524589539,0.010142152197659016
0.12940388917922974,0.8705961108207703
0.08429054170846939,0.9157094359397888
0.6696721911430359,0.3303278088569641
0.48968085646629333,0.5103191137313843
0.07164350897073746,0.9283565282821655
0.09638162702322006,0.903618335723877
0.457412987947464,0.5425870418548584
0.9899464249610901,0.010053621605038643
0.1180976927280426,0.881902277469635
0.11860997974872589,0.8813899755477905
0.08316399902105331,0.9168359637260437
0.07864537090063095,0.9213546514511108
0.33769965171813965,0.6623003482818604
0.1243206262588501,0.8756793737411499
0.14077496528625488,0.8592250347137451
0.1255366951227188,0.8744632601737976
0.2646869421005249,0.7353130578994751
0.9858015179634094,0.014198532328009605
0.9924107789993286,0.007589270360767841
0.0673738345503807,0.9326261878013611
0.9921680092811584,0.007831990718841553
0.12279755622148514,0.8772024512290955
0.2691026031970978,0.7308973670005798
0.9921668767929077,0.007833192124962807
0.10209941118955612,0.8979005217552185
0.9898570775985718,0.010142985731363297
0.991430938243866,0.008569102734327316
0.07560090720653534,0.9243990778923035
0.12573185563087463,0.874268114566803
0.11708110570907593,0.8829188942909241
0.9918094277381897,0.008190604858100414
0.16284723579883575,0.8371527791023254
0.32174554467201233,0.6782544851303101
0.06089136376976967,0.939108669757843
0.06559689342975616,0.934403121471405
0.07662788778543472,0.9233720302581787
0.09920395910739899,0.9007959961891174
0.0469500757753849,0.953049898147583
0.6411815881729126,0.358818382024765
0.6924257874488831,0.30757424235343933
0.06690160930156708,0.9330984354019165
0.16309140622615814,0.8369086384773254
0.1942608803510666,0.8057391047477722
0.04193655773997307,0.9580634236335754
0.5403766632080078,0.4596233367919922
0.3124210834503174,0.6875789165496826
0.09213533997535706,0.9078646898269653
0.12830744683742523,0.8716925978660583
0.990858256816864,0.009141690097749233
0.1896614134311676,0.81033855676651
