Albert_1,Albert_0
0.13075226545333862,0.8692477941513062
0.29043158888816833,0.709568440914154
0.9402385354042053,0.05976143106818199
0.23075386881828308,0.7692461609840393
0.4048803746700287,0.5951195955276489
0.26051926612854004,0.73948073387146
0.09534366428852081,0.9046563506126404
0.9740549325942993,0.02594507485628128
0.1550639420747757,0.8449360728263855
0.46154555678367615,0.5384544134140015
0.08249525725841522,0.9175047278404236
0.9736296534538269,0.02637040987610817
0.33052802085876465,0.6694719791412354
0.4086090624332428,0.5913909077644348
0.8625170588493347,0.13748298585414886
0.15506549179553986,0.8449345231056213
0.9554683566093445,0.044531628489494324
0.11938980966806412,0.8806101679801941
0.33406907320022583,0.6659309267997742
0.8208898901939392,0.1791101098060608
0.17009508609771729,0.8299048542976379
0.45439043641090393,0.5456095933914185
0.6986132860183716,0.3013867139816284
0.13620199263095856,0.8637979626655579
0.9626750349998474,0.03732497990131378
0.4032158851623535,0.5967841148376465
0.11858842521905899,0.8814115524291992
0.5578138828277588,0.4421861171722412
0.18745452165603638,0.8125454783439636
0.13461564481258392,0.8653842806816101
0.12424565851688385,0.8757542967796326
0.8462186455726624,0.15378130972385406
0.11775391548871994,0.8822461366653442
0.9742940068244934,0.025705985724925995
0.11223763227462769,0.8877623677253723
0.5122832655906677,0.4877167046070099
0.6920241713523865,0.3079758286476135
0.15139390528202057,0.8486061096191406
0.06420315057039261,0.9357967972755432
0.14511308073997498,0.8548869490623474
0.8878827691078186,0.11211727559566498
0.9596659541130066,0.04033401235938072
0.1928272694349289,0.8071727156639099
0.263856440782547,0.7361435890197754
0.162572979927063,0.837427020072937
0.7469186186790466,0.25308138132095337
0.15317489206790924,0.846825122833252
0.28786027431488037,0.7121397256851196
0.9073863625526428,0.09261365234851837
0.09838629513978958,0.9016136527061462
0.26091745495796204,0.7390825152397156
0.11967451125383377,0.880325436592102
0.16995453834533691,0.8300454616546631
0.10348653793334961,0.8965134024620056
0.13794860243797302,0.8620513677597046
0.0991477221250534,0.9008523225784302
0.18401871621608734,0.8159812688827515
0.9611197710037231,0.03888019546866417
0.10673437267541885,0.8932656645774841
0.15294593572616577,0.8470540046691895
0.3105239272117615,0.6894760727882385
0.4526442289352417,0.5473557710647583
0.8719131350517273,0.1280868947505951
0.5723978281021118,0.4276021420955658
0.9533030986785889,0.04669684171676636
0.5328473448753357,0.4671526551246643
0.06094081327319145,0.9390591382980347
0.12777504324913025,0.8722249865531921
0.20220518112182617,0.7977948188781738
0.17161640524864197,0.8283835649490356
0.09611497819423676,0.903885006904602
0.3432518541812897,0.6567481160163879
0.11561205983161926,0.8843879699707031
0.17114092409610748,0.8288590312004089
0.08390412479639053,0.9160958528518677
0.7717080116271973,0.22829201817512512
0.12004537880420685,0.8799545764923096
0.31260737776756287,0.6873925924301147
0.594938337802887,0.40506163239479065
0.13936206698417664,0.8606379628181458
0.2136700302362442,0.7863300442695618
0.12230705469846725,0.8776929378509521
0.0764566957950592,0.9235433340072632
0.11896580457687378,0.881034255027771
0.9667983651161194,0.03320162743330002
0.5693284273147583,0.4306715428829193
0.39502862095832825,0.6049713492393494
0.1060745045542717,0.8939255475997925
0.12715929746627808,0.8728406429290771
0.06958313286304474,0.9304168820381165
0.7777849435806274,0.22221511602401733
0.10777148604393005,0.8922285437583923
0.32011085748672485,0.6798891425132751
0.11533693224191666,0.8846631050109863
0.10327962040901184,0.8967204093933105
0.13621287047863007,0.8637871146202087
0.7806935906410217,0.21930640935897827
0.5647315382957458,0.43526843190193176
0.7575942277908325,0.24240581691265106
0.5487889647483826,0.45121100544929504
0.2863433063030243,0.7136566638946533
0.1775243878364563,0.8224756121635437
0.8170517086982727,0.18294821679592133
0.27303898334503174,0.7269610166549683
0.0723252147436142,0.9276748299598694
0.6234154105186462,0.37658455967903137
0.08194125443696976,0.9180588126182556
0.11233446002006531,0.8876655101776123
0.15267033874988556,0.8473296761512756
0.09969870001077652,0.9003013372421265
0.7393342852592468,0.2606656849384308
0.13841821253299713,0.8615817427635193
0.4473734498023987,0.5526265501976013
0.9378853440284729,0.06211458891630173
0.25199636816978455,0.7480036616325378
0.08903435617685318,0.910965621471405
0.36524343490600586,0.6347565650939941
0.08904366195201874,0.9109563231468201
0.9717766046524048,0.028223378583788872
0.9690260887145996,0.030973929911851883
0.9078230261802673,0.09217696636915207
0.2797989845275879,0.7202010750770569
0.971893846988678,0.028106175363063812
0.7480849623680115,0.2519150376319885
0.5240712761878967,0.47592872381210327
0.972093939781189,0.027906086295843124
0.2509167492389679,0.7490832209587097
0.09185215830802917,0.9081478714942932
0.19555705785751343,0.8044429421424866
0.109831303358078,0.8901687264442444
0.12717320024967194,0.8728267550468445
0.09736780822277069,0.9026322364807129
0.19714443385601044,0.8028556108474731
0.09227517247200012,0.9077247977256775
0.746086597442627,0.25391343235969543
0.9376461505889893,0.062353894114494324
0.18525248765945435,0.8147475123405457
0.22569769620895386,0.7743022441864014
0.3946983218193054,0.6053016185760498
0.06647810339927673,0.9335218667984009
0.5922336578369141,0.40776631236076355
0.10278943926095963,0.8972105383872986
0.15742242336273193,0.8425775766372681
0.1835525929927826,0.816447377204895
0.8785029053688049,0.12149705737829208
0.9737833738327026,0.026216620579361916
0.4617554247379303,0.5382445454597473
0.08924659341573715,0.9107533693313599
0.10690771043300629,0.8930923342704773
0.5719445943832397,0.42805546522140503
0.12457767128944397,0.8754222989082336
0.11815180629491806,0.881848156452179
0.9699075222015381,0.03009246475994587
0.38388118147850037,0.6161187887191772
0.36024174094200134,0.6397582292556763
0.9525288343429565,0.04747112840414047
0.1581173688173294,0.8418826460838318
0.9728845953941345,0.027115417644381523
0.07091210037469864,0.9290878772735596
0.23748838901519775,0.7625116109848022
0.07638967037200928,0.9236103892326355
0.08456651866436005,0.9154335260391235
0.13546141982078552,0.8645385503768921
0.9739003777503967,0.026099661365151405
0.15925151109695435,0.8407484292984009
0.9612499475479126,0.038750018924474716
0.9566611647605896,0.04333881661295891
0.9699110984802246,0.030088938772678375
0.9185348749160767,0.08146508783102036
0.9703684449195862,0.029631560668349266
0.12461050599813461,0.8753895163536072
0.08194701373577118,0.9180529713630676
0.18824438750743866,0.8117556571960449
0.973859429359436,0.026140524074435234
0.1602666676044464,0.839733362197876
0.13507075607776642,0.8649292588233948
0.17491227388381958,0.8250876665115356
0.13564050197601318,0.8643594980239868
0.06954776495695114,0.930452287197113
0.1678372025489807,0.8321627974510193
0.9024547338485718,0.09754526615142822
0.754970908164978,0.24502907693386078
0.11249043792486191,0.8875095248222351
0.13060913980007172,0.8693908452987671
0.6827433109283447,0.31725671887397766
0.41930827498435974,0.5806916952133179
0.36610934138298035,0.633890688419342
0.9689432978630066,0.03105674311518669
0.9657835960388184,0.034216348081827164
0.23100517690181732,0.7689948678016663
0.6221003532409668,0.3778996169567108
0.9472188353538513,0.05278113856911659
0.20754759013652802,0.7924523949623108
0.08652312308549881,0.9134768843650818
0.10987339913845062,0.8901265859603882
0.08820188790559769,0.9117980599403381
0.8850156664848328,0.11498428881168365
0.9554151296615601,0.044584859162569046
0.5940908789634705,0.40590912103652954
0.9739153981208801,0.026084573939442635
0.11701769381761551,0.8829822540283203
0.973747968673706,0.02625202015042305
0.08218500018119812,0.9178150296211243
0.315420925617218,0.684579074382782
0.9678011536598206,0.03219890967011452
0.3017129898071289,0.6982869505882263
0.5961952805519104,0.4038046896457672
0.6193342208862305,0.38066574931144714
0.20889170467853546,0.791108250617981
0.6628260612487793,0.3371739387512207
0.9261775016784668,0.07382248342037201
0.07710498571395874,0.9228950142860413
0.07012318819761276,0.9298767447471619
0.06621013581752777,0.9337899088859558
0.15571224689483643,0.8442878127098083
0.8716652393341064,0.12833483517169952
0.1724819391965866,0.827518105506897
0.9652010798454285,0.03479889780282974
0.09119413793087006,0.9088058471679688
0.969353973865509,0.030646011233329773
0.9738597869873047,0.026140263304114342
0.5515314340591431,0.4484685957431793
0.7612982988357544,0.2387017160654068
0.3625515103340149,0.6374484896659851
0.46002182364463806,0.5399782061576843
0.8649076819419861,0.13509230315685272
0.14411117136478424,0.8558889031410217
0.6517636775970459,0.3482363522052765
0.11670508980751038,0.883294939994812
0.11763034760951996,0.8823696374893188
0.21249443292617798,0.787505567073822
0.33095258474349976,0.6690474152565002
0.07824606448411942,0.9217539429664612
0.14084801077842712,0.8591520190238953
0.0834241509437561,0.9165759086608887
0.1046455055475235,0.8953545093536377
0.9602627754211426,0.039737239480018616
0.6854025721549988,0.31459736824035645
0.9419155716896057,0.058084409683942795
0.8180540800094604,0.18194591999053955
0.14689642190933228,0.8531036376953125
0.5772912502288818,0.42270874977111816
0.8510201573371887,0.14897987246513367
0.12373270094394684,0.8762673139572144
0.11152452230453491,0.8884754776954651
0.1779012382030487,0.8220987915992737
0.10409193485975266,0.8959081172943115
0.11631102114915848,0.8836889266967773
0.19846168160438538,0.8015382885932922
0.4859688878059387,0.514031171798706
0.9444136619567871,0.0555863082408905
0.07272664457559586,0.9272733330726624
0.24398258328437805,0.7560174465179443
0.6390060186386108,0.3609939515590668
0.8525397777557373,0.14746014773845673
0.9107018113136292,0.08929817378520966
0.11756892502307892,0.8824310898780823
0.10095696896314621,0.8990430235862732
0.08197785168886185,0.918022096157074
0.08042945712804794,0.9195705652236938
0.06916321069002151,0.9308367967605591
0.24201010167598724,0.7579898834228516
0.9530993700027466,0.04690065607428551
0.33003467321395874,0.6699652671813965
0.9387272000312805,0.06127277389168739
0.14584049582481384,0.8541594743728638
0.9305461049079895,0.06945385783910751
0.8599303960800171,0.1400696486234665
0.2785172462463379,0.7214827537536621
0.09464284032583237,0.9053571820259094
0.1243656724691391,0.8756343126296997
0.13830795884132385,0.8616920113563538
0.06972703337669373,0.9302729368209839
0.08436175435781479,0.915638267993927
0.29913386702537537,0.700866162776947
0.8802306652069092,0.11976931244134903
0.26300886273384094,0.7369911670684814
0.11197696626186371,0.8880230188369751
0.1401718109846115,0.8598282337188721
0.24342866241931915,0.756571352481842
0.9211865067481995,0.07881350815296173
0.6371929049491882,0.36280712485313416
0.43972545862197876,0.5602745413780212
0.07388373464345932,0.9261162281036377
0.24424871802330017,0.7557513117790222
0.08288712799549103,0.9171128869056702
0.9595241546630859,0.040475863963365555
0.12528866529464722,0.8747113943099976
0.13847483694553375,0.8615251183509827
0.6250450015068054,0.37495502829551697
0.07083374261856079,0.9291662573814392
0.08696634322404861,0.913033664226532
0.1601027250289917,0.8398973345756531
0.1677926480770111,0.8322073817253113
0.08316443860530853,0.9168355464935303
0.08686455339193344,0.9131354093551636
0.7726525068283081,0.22734743356704712
0.7017086744308472,0.29829132556915283
0.3856357932090759,0.6143642067909241
0.09672924876213074,0.9032707810401917
0.05697882920503616,0.9430211782455444
0.07067547738552094,0.9293245077133179
0.21100196242332458,0.788998007774353
0.8839432597160339,0.11605675518512726
0.22762930393218994,0.7723706960678101
0.21980535984039307,0.7801946997642517
0.09619545191526413,0.9038046002388
0.0723300650715828,0.927669882774353
0.09707580506801605,0.9029241800308228
0.0813620537519455,0.9186379909515381
0.36788037419319153,0.6321196556091309
0.9724330306053162,0.02756691351532936
0.8961852192878723,0.10381482541561127
0.21476301550865173,0.7852369546890259
0.08998200297355652,0.9100180268287659
0.09485560655593872,0.905144453048706
0.9596325755119324,0.04036742448806763
0.8454222679138184,0.15457765758037567
0.08382997661828995,0.916170060634613
0.21558047831058502,0.784419596195221
0.09835410118103027,0.9016458988189697
0.24024097621440887,0.7597590088844299
0.164601132273674,0.8353989124298096
0.15578581392765045,0.8442142009735107
0.9665341377258301,0.033465851098299026
0.13259661197662354,0.8674033880233765
0.540104329586029,0.45989567041397095
0.09449780732393265,0.9055021405220032
0.9738818407058716,0.026118198409676552
0.12301661819219589,0.8769833445549011
0.082449771463871,0.9175502061843872
0.31645041704177856,0.6835495829582214
0.5874196887016296,0.412580281496048
0.9735360741615295,0.026463868096470833
0.09748818725347519,0.9025117754936218
0.5019981861114502,0.4980017840862274
0.8712028861045837,0.12879712879657745
0.1274496167898178,0.8725504279136658
0.22808225452899933,0.7719177603721619
0.9559905529022217,0.04400945454835892
0.12108447402715683,0.878915548324585
0.06791053712368011,0.9320895075798035
0.1291787475347519,0.8708212375640869
0.23460835218429565,0.7653916478157043
0.107656329870224,0.8923436999320984
0.9740987420082092,0.02590123377740383
0.1381761133670807,0.8618239164352417
0.4034539759159088,0.5965459942817688
0.0681355744600296,0.9318643808364868
0.9705415368080139,0.029458405449986458
0.2761741578578949,0.7238258123397827
0.5320543050765991,0.4679456949234009
0.17862872779369354,0.8213712573051453
0.15652108192443848,0.8434789180755615
0.9694794416427612,0.030520502477884293
0.16156746447086334,0.8384325504302979
0.23602284491062164,0.7639771103858948
0.7347783446311951,0.26522165536880493
0.48041948676109314,0.5195805430412292
0.502913236618042,0.4970867931842804
0.3470720052719116,0.6529279947280884
0.18946585059165955,0.8105341792106628
0.10971014201641083,0.890289843082428
0.7233500480651855,0.27664995193481445
0.7418868541717529,0.25811314582824707
0.9740657210350037,0.02593429759144783
0.21083566546440125,0.7891643047332764
0.7935311794281006,0.20646877586841583
0.9530012011528015,0.0469987690448761
0.9735663533210754,0.026433691382408142
0.2851870357990265,0.7148129940032959
0.7900367379188538,0.20996321737766266
0.7316140532493591,0.26838597655296326
0.09720536321401596,0.9027946591377258
0.8495324850082397,0.15046755969524384
0.9741223454475403,0.025877663865685463
0.9279996156692505,0.07200035452842712
0.6586553454399109,0.3413446247577667
0.954028308391571,0.04597170650959015
0.09209300577640533,0.9079070687294006
0.7770770192146301,0.22292298078536987
0.7199472784996033,0.2800527513027191
0.07058645039796829,0.9294135570526123
0.12648554146289825,0.8735144138336182
0.3755316436290741,0.6244683265686035
0.9725143313407898,0.027485642582178116
0.5809617042541504,0.4190383553504944
0.4072140157222748,0.5927859544754028
0.9246031045913696,0.07539691030979156
0.39482608437538147,0.6051739454269409
0.2741484045982361,0.7258515954017639
0.34248653054237366,0.657513439655304
0.14216189086437225,0.8578380942344666
0.911409854888916,0.08859019726514816
0.47771337628364563,0.5222866535186768
0.11898189038038254,0.8810181617736816
0.08728715777397156,0.9127128720283508
0.07086648046970367,0.9291335344314575
0.15960417687892914,0.8403958082199097
0.7149671912193298,0.28503280878067017
0.10535862296819687,0.8946413397789001
0.9415604472160339,0.05843954533338547
0.21965391933918,0.7803460955619812
0.0977599173784256,0.9022400975227356
0.143454909324646,0.856545090675354
0.43118929862976074,0.568810760974884
0.948027491569519,0.05197249725461006
0.5370640754699707,0.4629358947277069
0.8807515501976013,0.1192484125494957
0.3036551773548126,0.696344792842865
0.6077479720115662,0.3922520577907562
0.19284647703170776,0.8071535229682922
0.09591041505336761,0.9040895700454712
0.43717220425605774,0.5628278255462646
0.2598472237586975,0.7401528358459473
0.15466061234474182,0.8453394174575806
0.6889551281929016,0.3110448718070984
0.12198736518621445,0.8780125975608826
0.08458341658115387,0.9154165387153625
0.14931519329547882,0.8506848216056824
0.12231916189193726,0.877680778503418
0.07135499268770218,0.9286449551582336
0.9653590321540833,0.03464101627469063
0.16711214184761047,0.8328878283500671
0.9687689542770386,0.03123106062412262
0.7917934060096741,0.20820651948451996
0.1280331164598465,0.8719668388366699
0.6884992718696594,0.3115007281303406
0.4728845953941345,0.5271154642105103
0.7465550303459167,0.25344499945640564
0.8820563554763794,0.11794361472129822
0.9719690680503845,0.028031000867486
0.9594918489456177,0.04050816223025322
0.06294489651918411,0.9370551109313965
0.42787742614746094,0.5721225738525391
0.37385958433151245,0.6261403560638428
0.09111519157886505,0.9088848233222961
0.2622150480747223,0.7377849817276001
0.7703817486763,0.22961829602718353
0.9266778826713562,0.07332209497690201
0.33216503262519836,0.667834997177124
0.926756739616394,0.07324331998825073
0.0914798155426979,0.9085201025009155
0.4061882793903351,0.5938116908073425
0.9584771990776062,0.04152281954884529
0.47630903124809265,0.523690938949585
0.2161230891942978,0.7838769555091858
0.6949672698974609,0.30503275990486145
0.4352198541164398,0.5647801160812378
0.07220759242773056,0.9277923703193665
0.24352732300758362,0.7564727067947388
0.10020368546247482,0.8997962474822998
0.10527128726243973,0.8947287201881409
0.4952028691768646,0.5047971606254578
0.11483436077833176,0.8851656913757324
0.06850167363882065,0.9314982891082764
0.10445626825094223,0.8955436944961548
0.12122125178575516,0.8787788152694702
0.15615291893482208,0.8438470959663391
0.9460301399230957,0.053969934582710266
0.08377575129270554,0.9162241816520691
0.9711229801177979,0.028876980766654015
0.3949202001094818,0.6050798296928406
0.9741019010543823,0.025898154824972153
0.614971399307251,0.3850286602973938
0.8748078942298889,0.1251920610666275
0.08213654160499573,0.9178634881973267
0.19727879762649536,0.8027211427688599
0.3557444214820862,0.6442555785179138
0.13146229088306427,0.8685376644134521
0.26230430603027344,0.7376956939697266
0.7881433963775635,0.2118566483259201
0.09109609574079514,0.908903956413269
0.3329504430294037,0.6670495271682739
0.7381365895271301,0.2618634104728699
0.2141672521829605,0.7858327031135559
0.1617962270975113,0.8382037281990051
0.6255103349685669,0.3744896352291107
0.9738544821739197,0.02614555135369301
0.7226787209510803,0.27732130885124207
0.18489880859851837,0.815101146697998
0.6412479281425476,0.3587520718574524
0.1468931883573532,0.8531068563461304
0.9700685739517212,0.029931465163826942
0.9537996649742126,0.04620036855340004
0.6001155972480774,0.3998844027519226
0.08582470566034317,0.9141753315925598
0.2923518121242523,0.7076482176780701
0.13273541629314423,0.8672645688056946
0.937253475189209,0.06274648755788803
0.5544508099555969,0.44554921984672546
0.7347812652587891,0.26521870493888855
0.1252671629190445,0.8747327923774719
0.09544480592012405,0.9045552015304565
0.31887978315353394,0.6811201572418213
0.08461908996105194,0.9153808951377869
0.06799933314323425,0.9320006370544434
0.12831710278987885,0.87168288230896
0.45224353671073914,0.5477564334869385
0.6013771295547485,0.39862293004989624
0.12133917957544327,0.8786607980728149
0.877026379108429,0.12297364324331284
0.10691726207733154,0.8930827379226685
0.18259936571121216,0.8174005746841431
0.9626871943473816,0.037312839180231094
0.9370847344398499,0.06291531771421432
0.973134458065033,0.026865553110837936
0.843839168548584,0.15616081655025482
0.11912626773118973,0.8808737397193909
0.5464158654212952,0.45358410477638245
0.08772963285446167,0.9122703671455383
0.09469854831695557,0.9053013920783997
0.7601010203361511,0.23989896476268768
0.2739155888557434,0.7260844111442566
0.9669081568717957,0.03309187665581703
0.1856764256954193,0.8143236041069031
0.974284291267395,0.02571568451821804
0.09413772076368332,0.9058622717857361
0.7757694721221924,0.22423051297664642
0.09618542343378067,0.9038146138191223
0.22145791351795197,0.7785421013832092
0.9525279402732849,0.04747201129794121
0.08412959426641464,0.9158703684806824
0.9706584811210632,0.029341593384742737
0.15678554773330688,0.8432145118713379
0.9324467778205872,0.06755330413579941
0.9439727067947388,0.056027282029390335
0.9569829106330872,0.043017055839300156
0.08627136051654816,0.9137285947799683
0.7707644701004028,0.22923554480075836
0.12157421559095383,0.8784257769584656
0.9707896709442139,0.029210342094302177
0.21250343322753906,0.7874965667724609
0.9643793106079102,0.035620756447315216
0.34220200777053833,0.6577979922294617
0.945117712020874,0.05488230660557747
0.3855515122413635,0.6144484877586365
0.9718269109725952,0.02817309834063053
0.21083544194698334,0.7891646027565002
0.0814262330532074,0.918573796749115
0.8846309781074524,0.11536905169487
0.8621421456336975,0.13785779476165771
0.600711464881897,0.3992885649204254
0.12298747897148132,0.8770124912261963
0.22651705145835876,0.7734829187393188
0.9485663771629333,0.05143355950713158
0.9505361318588257,0.04946381226181984
0.2479075938463211,0.7520924210548401
0.42643651366233826,0.5735634565353394
0.5595414042472839,0.44045859575271606
0.10040463507175446,0.8995953798294067
0.16043098270893097,0.8395690321922302
0.9411283135414124,0.05887170135974884
0.07689807564020157,0.9231019616127014
0.8776012659072876,0.12239877134561539
0.3982453942298889,0.6017546057701111
0.18481412529945374,0.8151858448982239
0.6796987056732178,0.3203013241291046
0.4475070536136627,0.5524929761886597
0.12250940501689911,0.8774905800819397
0.9459138512611389,0.05408618226647377
0.9566347002983093,0.043365273624658585
0.10830434411764145,0.8916956186294556
0.20560993254184723,0.7943900227546692
0.21441908180713654,0.7855808734893799
0.46487876772880554,0.5351212024688721
0.11129092425107956,0.8887090086936951
0.4707051217556,0.5292948484420776
0.2435227334499359,0.7564772367477417
0.10600154846906662,0.8939984440803528
0.6061801910400391,0.39381980895996094
0.07787278294563293,0.9221272468566895
0.27394646406173706,0.7260535955429077
0.6914535164833069,0.3085464835166931
0.9471606612205505,0.052839282900094986
0.7430731654167175,0.25692686438560486
0.21579553186893463,0.7842044234275818
0.9744244813919067,0.02557545341551304
0.1377701312303543,0.8622298836708069
0.18862895667552948,0.8113710880279541
0.1353520154953003,0.8646479845046997
0.24327708780765533,0.7567229270935059
0.10505258291959763,0.8949474096298218
0.9427257776260376,0.05727418139576912
0.6387119889259338,0.36128807067871094
0.3261842131614685,0.6738157868385315
0.06699022650718689,0.9330098032951355
0.1686820387840271,0.8313180208206177
0.8240192532539368,0.17598073184490204
0.715978741645813,0.284021258354187
0.9454368948936462,0.05456315726041794
0.9614455699920654,0.03855438157916069
0.12325572967529297,0.8767443299293518
0.6595578789710999,0.34044215083122253
0.09658179432153702,0.9034181833267212
0.2958906292915344,0.7041093707084656
0.10175729542970657,0.898242712020874
0.6926829814910889,0.30731698870658875
0.0778469666838646,0.9221530556678772
0.9742327928543091,0.02576724998652935
0.9484796524047852,0.05152033269405365
0.10469610244035721,0.8953039050102234
0.747732937335968,0.2522670328617096
0.13183146715164185,0.8681685328483582
0.8320772647857666,0.16792267560958862
0.7765365839004517,0.22346335649490356
0.12190134823322296,0.8780986666679382
0.18369877338409424,0.816301167011261
0.9377865195274353,0.06221355125308037
0.8265001773834229,0.17349982261657715
0.1135086789727211,0.8864912390708923
0.1412905752658844,0.858709454536438
0.9522095322608948,0.04779041185975075
0.08254948258399963,0.9174505472183228
0.09987112134695053,0.9001289010047913
0.08752792328596115,0.912472128868103
0.280013769865036,0.7199862003326416
0.4783225357532501,0.5216774344444275
0.11094260215759277,0.8890573978424072
0.1265227198600769,0.8734773397445679
0.11090262979269028,0.8890973925590515
0.9715853929519653,0.028414612635970116
0.9729493856430054,0.02705068141222
0.4431554675102234,0.5568445324897766
0.07524707913398743,0.924752950668335
0.5544818043708801,0.44551822543144226
0.0952175185084343,0.9047825336456299
0.08221105486154556,0.9177889823913574
0.4377802610397339,0.5622197389602661
0.9735959768295288,0.026404066011309624
0.07982444763183594,0.9201754927635193
0.9704280495643616,0.029572010040283203
0.42369526624679565,0.5763047337532043
0.6262473464012146,0.373752623796463
0.7611648440361023,0.2388352006673813
0.16030797362327576,0.8396919965744019
0.43013879656791687,0.5698612332344055
0.6902120113372803,0.3097880184650421
0.44179028272628784,0.5582097172737122
0.20592853426933289,0.7940714359283447
0.892279326915741,0.10772071033716202
0.4866897463798523,0.5133102536201477
0.23301129043102264,0.7669887542724609
0.7776812314987183,0.22231881320476532
0.6376470327377319,0.36235296726226807
0.966057538986206,0.03394243121147156
0.9408884048461914,0.05911162868142128
0.13528655469417572,0.8647134900093079
0.07494757324457169,0.9250524640083313
0.5143406987190247,0.48565927147865295
0.24482977390289307,0.7551702857017517
0.9326879978179932,0.06731201708316803
0.8998969197273254,0.10010311007499695
0.09661777317523956,0.9033822417259216
0.689505398273468,0.31049463152885437
0.1979207992553711,0.8020792007446289
0.08288127928972244,0.9171187281608582
0.9695619344711304,0.030438099056482315
0.15172871947288513,0.8482712507247925
0.07408296316862106,0.9259169697761536
0.29844343662261963,0.7015565037727356
0.07267843931913376,0.9273215532302856
0.09378168731927872,0.9062182903289795
0.6885920166969299,0.31140798330307007
0.5472884178161621,0.4527116119861603
0.9224081039428711,0.07759188860654831
0.4060782790184021,0.5939216613769531
0.16865375638008118,0.8313462734222412
0.09773452579975128,0.9022654294967651
0.8623327016830444,0.13766728341579437
0.1063917949795723,0.8936082720756531
0.07363751530647278,0.9263625144958496
0.22697819769382477,0.7730217576026917
0.9744085073471069,0.025591453537344933
0.30429166555404663,0.6957083940505981
0.2575656473636627,0.7424343824386597
0.0957748219370842,0.9042251706123352
0.8554536700248718,0.1445462703704834
0.5706979036331177,0.4293020963668823
0.08096378296613693,0.9190362095832825
0.15538571774959564,0.8446143269538879
0.7685489654541016,0.23145107924938202
0.9509594440460205,0.04904055595397949
0.9566323757171631,0.04336756467819214
0.9716157913208008,0.028384214267134666
0.7096569538116455,0.2903430163860321
0.0916982889175415,0.9083017110824585
0.11464179307222366,0.8853582143783569
0.09368111938238144,0.9063188433647156
0.14422544836997986,0.8557745814323425
0.1597931832075119,0.8402068018913269
0.08927153050899506,0.9107284545898438
0.07553674280643463,0.9244632124900818
0.15279364585876465,0.8472063541412354
0.21672634780406952,0.7832736968994141
0.5466112494468689,0.4533887803554535
0.12490204721689224,0.875097930431366
0.8556681871414185,0.14433178305625916
0.1712602972984314,0.8287397623062134
0.4793614447116852,0.5206385850906372
0.11938706040382385,0.8806129693984985
0.08131659030914307,0.9186834692955017
0.14432458579540253,0.8556753993034363
0.11078351736068726,0.8892164826393127
0.08188554644584656,0.9181144833564758
0.33191007375717163,0.6680899262428284
0.09025412052869797,0.9097459316253662
0.9581139087677002,0.04188612103462219
0.8884183764457703,0.11158158630132675
0.7209292054176331,0.27907082438468933
0.0991910845041275,0.9008088707923889
0.08102443069219589,0.9189755320549011
0.9667021036148071,0.03329791873693466
0.47860655188560486,0.5213934183120728
0.36389967799186707,0.6361003518104553
0.2606225907802582,0.7393774390220642
0.1121634989976883,0.8878365159034729
0.1741374135017395,0.8258625268936157
0.9659461975097656,0.03405384346842766
0.9620879292488098,0.03791206330060959
0.9658356308937073,0.03416430950164795
0.2936052680015564,0.7063946723937988
0.9608613848686218,0.03913864120841026
0.943609893321991,0.056390080600976944
0.08225192874670029,0.9177480340003967
0.13652782142162323,0.8634721636772156
0.6022606492042542,0.39773932099342346
0.13437241315841675,0.8656275868415833
0.5667640566825867,0.43323591351509094
0.9506563544273376,0.04934362694621086
0.08572769165039062,0.9142723679542542
0.1162753626704216,0.8837246894836426
0.5894279479980469,0.41057199239730835
0.11547688394784927,0.8845231533050537
0.9635692834854126,0.036430712789297104
0.10090844333171844,0.8990916013717651
0.0884757861495018,0.91152423620224
0.09030222147703171,0.9096977710723877
0.22673924267292023,0.773260772228241
0.0842861533164978,0.9157138466835022
0.09544749557971954,0.9045524597167969
0.14068280160427094,0.8593171834945679
0.17328697443008423,0.8267130851745605
0.4931483864784241,0.5068516135215759
0.8558529019355774,0.14414705336093903
0.11452452093362808,0.8854755163192749
0.434435099363327,0.5655649304389954
0.058907631784677505,0.9410924315452576
0.9671832919120789,0.03281671553850174
0.1269320249557495,0.8730679750442505
0.31420642137527466,0.6857935786247253
0.9725968837738037,0.027403106912970543
0.07920476049184799,0.9207952618598938
0.5240076780319214,0.4759923815727234
0.9716420769691467,0.02835793048143387
0.07297690957784653,0.9270231127738953
0.5251393914222717,0.4748605787754059
0.7049312591552734,0.29506874084472656
0.06821521371603012,0.9317848086357117
0.20399169623851776,0.7960083484649658
0.955470621585846,0.04452937841415405
0.38833972811698914,0.6116602420806885
0.5481228232383728,0.4518771767616272
0.14956393837928772,0.8504360914230347
0.15657860040664673,0.8434213399887085
0.5103381276130676,0.48966190218925476
0.11315637081861496,0.8868436813354492
0.1114874854683876,0.8885124921798706
0.1192677691578865,0.8807322382926941
0.3105762302875519,0.6894237995147705
0.09524646401405334,0.904753565788269
0.08638743311166763,0.9136126041412354
0.7685167193412781,0.23148329555988312
0.07661152631044388,0.9233884215354919
0.9647456407546997,0.035254403948783875
0.0837133377790451,0.9162866473197937
0.3433307111263275,0.6566693186759949
0.9686478972434998,0.031352050602436066
0.8603980541229248,0.13960197567939758
0.08145954459905624,0.9185404181480408
0.2159314751625061,0.7840685248374939
0.08378402888774872,0.9162160158157349
0.06094534322619438,0.9390546679496765
0.35009458661079407,0.6499053835868835
0.830216646194458,0.16978329420089722
0.10061243921518326,0.899387538433075
0.30581092834472656,0.6941890120506287
0.07108811289072037,0.9289119243621826
0.11001749336719513,0.8899824619293213
0.10494910925626755,0.8950508236885071
0.7558084726333618,0.244191512465477
0.07936039566993713,0.9206395745277405
0.3745061159133911,0.6254938840866089
0.9675828814506531,0.03241713345050812
0.19499924778938293,0.8050007224082947
0.1641417145729065,0.8358582854270935
0.6902350783348083,0.3097648620605469
0.25234586000442505,0.747654139995575
0.09405599534511566,0.9059439301490784
0.16047978401184082,0.8395201563835144
0.7468433976173401,0.2531566023826599
0.4786117970943451,0.5213881731033325
0.7558959722518921,0.24410399794578552
0.11661965399980545,0.8833803534507751
0.675249457359314,0.32475051283836365
0.10214023292064667,0.8978598117828369
0.1858978271484375,0.8141021728515625
0.18976041674613953,0.8102395534515381
0.13894440233707428,0.8610556125640869
0.26379406452178955,0.7362059354782104
0.14225280284881592,0.8577471971511841
0.8111549615859985,0.18884500861167908
0.5292675495147705,0.4707324504852295
0.9732223153114319,0.026777634397149086
0.49911847710609436,0.5008814930915833
0.947758138179779,0.05224185064435005
0.17747482657432556,0.822525143623352
0.11267513781785965,0.887324869632721
0.08817820996046066,0.9118217825889587
0.10160478949546814,0.8983951807022095
0.12322140485048294,0.8767786026000977
0.08288532495498657,0.9171147346496582
0.09767916798591614,0.9023208618164062
0.8678925037384033,0.13210754096508026
0.08307921886444092,0.9169208407402039
0.25621557235717773,0.7437844276428223
0.11189250648021698,0.8881075382232666
0.7694653272628784,0.2305346578359604
0.9695919752120972,0.030407996848225594
0.7780281901359558,0.221971794962883
0.13879410922527313,0.8612059354782104
0.9690530896186829,0.03094686008989811
0.07464182376861572,0.9253581762313843
0.6286251544952393,0.37137481570243835
0.8629421591758728,0.13705788552761078
0.853143036365509,0.14685694873332977
0.32719796895980835,0.6728020310401917
0.08675083518028259,0.913249135017395
0.9096790552139282,0.09032094478607178
0.4100121557712555,0.5899878740310669
0.16549670696258545,0.8345032930374146
0.972583532333374,0.02741648629307747
0.7228243350982666,0.2771756052970886
0.9736735820770264,0.026326369494199753
0.10506825149059296,0.8949317932128906
0.48224881291389465,0.5177512168884277
0.08442015200853348,0.9155797958374023
0.7655506134033203,0.23444944620132446
0.11684153974056244,0.8831584453582764
0.9295121431350708,0.07048787921667099
0.9270455241203308,0.07295448333024979
0.12417393177747726,0.8758261203765869
0.12287534773349762,0.8771246671676636
0.9739504456520081,0.026049528270959854
0.6283056735992432,0.37169429659843445
0.21901835501194,0.7809816002845764
0.08893902599811554,0.9110609292984009
0.12978585064411163,0.8702141642570496
0.6689305901527405,0.3310694098472595
0.40366196632385254,0.5963380336761475
0.30182746052742004,0.6981725692749023
0.4188324511051178,0.5811675190925598
0.34629860520362854,0.6537014245986938
0.11445432901382446,0.8855457305908203
0.4930127263069153,0.5069872736930847
0.8030874133110046,0.19691258668899536
0.07285671681165695,0.9271432757377625
0.10136688500642776,0.8986331224441528
0.7860037684440613,0.2139962762594223
0.9447888135910034,0.05521118640899658
0.2432050108909607,0.7567949891090393
0.1363830417394638,0.8636170029640198
0.11141683906316757,0.8885831832885742
0.40487098693847656,0.5951290130615234
0.08571208268404007,0.9142879247665405
0.7442550659179688,0.25574496388435364
0.2763913571834564,0.723608672618866
0.44528040289878845,0.5547196269035339
0.46123382449150085,0.5387661457061768
0.09810592234134674,0.9018940925598145
0.13705112040042877,0.8629488945007324
0.9742648005485535,0.025735236704349518
0.3092048466205597,0.6907951235771179
0.11678902804851532,0.8832109570503235
0.4055790603160858,0.5944209694862366
0.4549170434474945,0.5450829863548279
0.0790489912033081,0.9209509491920471
0.08878649771213531,0.9112135171890259
0.07747586071491241,0.9225241541862488
0.08768986910581589,0.9123101830482483
0.260998398065567,0.7390015721321106
0.16445250809192657,0.8355475068092346
0.1632823646068573,0.8367176055908203
0.07973931729793549,0.9202607274055481
0.06661529093980789,0.9333846569061279
0.08589797466993332,0.9141020178794861
0.11043193191289902,0.889568030834198
0.07957839220762253,0.9204215407371521
0.34491854906082153,0.6550814509391785
0.1656118631362915,0.8343881368637085
0.9738907814025879,0.02610921300947666
0.1503186970949173,0.8496813178062439
0.11587285250425339,0.884127140045166
0.9692497849464417,0.030750183388590813
0.43074992299079895,0.5692500472068787
0.08436175435781479,0.915638267993927
0.05810817703604698,0.9418917894363403
0.28640636801719666,0.713593602180481
0.17755171656608582,0.8224482536315918
0.2692282497882843,0.7307717800140381
0.39898043870925903,0.601019561290741
0.12929856777191162,0.8707013726234436
0.4200565218925476,0.5799434185028076
0.6580315828323364,0.34196844696998596
0.1374686062335968,0.8625314235687256
0.6199897527694702,0.380010187625885
0.46597856283187866,0.5340214371681213
0.33982542157173157,0.660174548625946
0.962800145149231,0.03719990700483322
0.9617366194725037,0.03826340660452843
0.2271817922592163,0.7728182077407837
0.15598717331886292,0.8440127968788147
0.7083117365837097,0.2916882634162903
0.9359501600265503,0.0640498548746109
0.11546436697244644,0.8845356702804565
0.583888590335846,0.41611137986183167
0.1829884648323059,0.8170115351676941
0.45843586325645447,0.5415641069412231
0.8617942929267883,0.13820569217205048
0.9732503294944763,0.026749685406684875
0.5767995119094849,0.42320048809051514
0.8578305244445801,0.1421695351600647
0.11768165975809097,0.8823183178901672
0.20254936814308167,0.797450602054596
0.17271916568279266,0.8272808790206909
0.08175638318061829,0.9182435870170593
0.2537377178668976,0.7462623119354248
0.08922059834003448,0.9107794165611267
0.10818511247634888,0.8918148875236511
0.16891784965991974,0.8310822248458862
0.08133361488580704,0.9186663627624512
0.25211790204048157,0.7478821277618408
0.09088052064180374,0.9091194868087769
0.9641172885894775,0.03588275983929634
0.8778237700462341,0.12217617779970169
0.17026671767234802,0.8297332525253296
0.9534336924552917,0.046566300094127655
0.6493933796882629,0.35060665011405945
0.5369800329208374,0.4630199670791626
0.2737126350402832,0.7262874245643616
0.2815503776073456,0.7184496521949768
0.10244864970445633,0.8975512981414795
0.9539413452148438,0.04605863243341446
0.08796186745166779,0.9120382070541382
0.9742257595062256,0.02577422931790352
0.20831312239170074,0.7916868925094604
0.10199262946844101,0.898007333278656
0.7583274245262146,0.2416725903749466
0.08407919853925705,0.9159207940101624
0.28474557399749756,0.7152544856071472
0.5311388373374939,0.4688611626625061
0.22971415519714355,0.7702858448028564
0.9730411171913147,0.026958884671330452
0.09712785482406616,0.9028722047805786
0.24328456819057465,0.7567154169082642
0.6779599189758301,0.32204005122184753
0.10824781656265259,0.8917522430419922
0.33203285932540894,0.6679671406745911
0.6703164577484131,0.3296835124492645
0.13465900719165802,0.8653410077095032
0.899170994758606,0.10082904994487762
0.8520727753639221,0.1479272097349167
0.08017420023679733,0.9198257923126221
0.17386867105960846,0.8261313438415527
0.41040411591529846,0.5895958542823792
0.0667145848274231,0.9332854151725769
0.0750330463051796,0.9249669909477234
0.2718046009540558,0.7281954288482666
0.06808429211378098,0.9319157600402832
0.08611084520816803,0.9138891696929932
0.08609598875045776,0.9139040112495422
0.08382496237754822,0.9161750674247742
0.795510470867157,0.20448951423168182
0.0996682345867157,0.9003317356109619
0.8192863464355469,0.1807136833667755
0.18848073482513428,0.8115192651748657
0.16773150861263275,0.832268476486206
0.5351920127868652,0.46480798721313477
0.12552516162395477,0.874474823474884
0.9740954637527466,0.025904519483447075
0.09649425745010376,0.9035057425498962
0.9731981754302979,0.026801807805895805
0.10335595160722733,0.8966440558433533
0.7526294589042664,0.24737057089805603
0.10558498650789261,0.8944149613380432
0.11327855288982391,0.8867214322090149
0.07807958126068115,0.9219203591346741
0.10249847173690796,0.8975014686584473
0.10746347159147263,0.8925365209579468
0.11582542955875397,0.8841745853424072
0.9000644683837891,0.09993555396795273
0.3388276696205139,0.6611723303794861
0.1267576515674591,0.8732423782348633
0.07933962345123291,0.9206603765487671
0.6946578621864319,0.3053421378135681
0.10944728553295135,0.8905527591705322
0.49285998940467834,0.507140040397644
0.886677622795105,0.11332233250141144
0.7561367750167847,0.24386321008205414
0.9465063810348511,0.05349362641572952
0.39328598976135254,0.6067140102386475
0.13116230070590973,0.8688377141952515
0.2024233639240265,0.7975766658782959
0.10098335146903992,0.8990166187286377
0.26620644330978394,0.7337935566902161
0.9724661707878113,0.02753377892076969
0.1216786727309227,0.8783212900161743
0.8404146432876587,0.1595853716135025
0.529980480670929,0.47001954913139343
0.0677848756313324,0.93221515417099
0.16656747460365295,0.8334324955940247
0.3821357190608978,0.6178642511367798
0.08956323564052582,0.9104368090629578
0.15854938328266144,0.8414506316184998
0.8510931134223938,0.1489068865776062
0.9724058508872986,0.02759411372244358
0.9665957689285278,0.033404234796762466
0.4810754358768463,0.5189245939254761
0.2796696424484253,0.7203302979469299
0.6306471824645996,0.3693528473377228
0.5162014961242676,0.48379847407341003
0.17516420781612396,0.8248357772827148
0.309429794549942,0.6905702352523804
0.25490376353263855,0.7450962662696838
0.12449558824300766,0.8755044341087341
0.949386715888977,0.05061326548457146
0.9732530117034912,0.026747016236186028
0.8033133745193481,0.19668665528297424
0.08596687018871307,0.914033055305481
0.7016860842704773,0.2983138859272003
0.9703927040100098,0.029607286676764488
0.10662955045700073,0.8933704495429993
0.13052210211753845,0.8694779276847839
0.8350335359573364,0.16496646404266357
0.8436724543571472,0.15632756054401398
0.1172676533460617,0.8827323317527771
0.30607300996780396,0.6939269304275513
0.312725692987442,0.6872743368148804
0.2679869532585144,0.7320130467414856
0.11180789768695831,0.8881920576095581
0.10729522258043289,0.8927048444747925
0.23738700151443481,0.7626129984855652
0.9535914063453674,0.046408604830503464
0.8927938342094421,0.10720610618591309
0.2533078193664551,0.7466921806335449
0.08125299960374832,0.9187469482421875
0.25917544960975647,0.7408245205879211
0.09251749515533447,0.9074825644493103
0.8278625011444092,0.1721375733613968
0.12038242071866989,0.8796175122261047
0.7629448771476746,0.23705513775348663
0.24660496413707733,0.7533950805664062
0.64753657579422,0.35246339440345764
0.18232330679893494,0.8176766633987427
0.6399103403091431,0.3600896894931793
0.44500505924224854,0.5549949407577515
0.492011159658432,0.5079888105392456
0.10920370370149612,0.8907962441444397
0.22342903912067413,0.7765709757804871
0.9728116989135742,0.027188293635845184
0.9733147025108337,0.026685304939746857
0.20942622423171997,0.7905738353729248
0.14677631855010986,0.8532237410545349
0.17839525640010834,0.8216047883033752
0.56756192445755,0.43243807554244995
0.07950212061405182,0.9204978942871094
0.3971278965473175,0.6028721332550049
0.6441357135772705,0.3558643162250519
0.8835062384605408,0.11649373918771744
0.6924514174461365,0.3075485825538635
0.9738033413887024,0.026196615770459175
0.9739710092544556,0.026028994470834732
0.17194634675979614,0.8280537128448486
0.7179661989212036,0.2820337414741516
0.8667757511138916,0.133224219083786
0.971182107925415,0.028817877173423767
0.10554482787847519,0.8944551944732666
0.8790473341941833,0.12095272541046143
0.3176126778125763,0.6823873519897461
0.8574289083480835,0.1425710767507553
0.8266428709030151,0.17335718870162964
0.3997167944908142,0.600283145904541
0.7695866227149963,0.23041333258152008
0.18118952214717865,0.8188105225563049
0.10260967910289764,0.8973903059959412
0.9728621244430542,0.02713780291378498
0.973696768283844,0.02630317024886608
0.6578527688980103,0.34214720129966736
0.12661966681480408,0.8733803629875183
0.09767785668373108,0.9023221135139465
0.16853977739810944,0.8314602375030518
0.5789236426353455,0.42107635736465454
0.07290217280387878,0.9270977973937988
0.27085351943969727,0.7291464805603027
0.4393976628780365,0.5606023669242859
0.5875626802444458,0.4124373197555542
0.9727736115455627,0.027226435020565987
0.298483282327652,0.7015167474746704
0.9581015110015869,0.041898537427186966
0.16504129767417908,0.8349587321281433
0.6765745878219604,0.32342544198036194
0.9055481553077698,0.09445179998874664
0.9538003206253052,0.04619965702295303
0.9740672707557678,0.02593269944190979
0.7733036875724792,0.22669635713100433
0.24631135165691376,0.753688633441925
0.08849485218524933,0.9115051031112671
0.2876936197280884,0.7123063206672668
0.07036833465099335,0.9296317100524902
0.15610677003860474,0.8438931703567505
0.15867917239665985,0.841320812702179
0.18791057169437408,0.8120894432067871
0.07868906855583191,0.9213109612464905
0.4675379991531372,0.532461941242218
0.09457524120807648,0.9054247140884399
0.42672717571258545,0.5732728242874146
0.10243440419435501,0.8975656032562256
0.17516639828681946,0.8248335719108582
0.15620382130146027,0.8437961339950562
0.9277011752128601,0.0722988173365593
0.6869263052940369,0.3130737245082855
0.11257940530776978,0.887420654296875
0.8861812949180603,0.1138186901807785
0.2716119587421417,0.7283880114555359
0.9707431197166443,0.029256898909807205
0.1335386335849762,0.8664613962173462
0.7012218832969666,0.29877811670303345
0.9384191036224365,0.06158094480633736
0.1393761932849884,0.860623836517334
0.9665828347206116,0.03341712802648544
0.923334538936615,0.07666541635990143
0.9522439241409302,0.04775606468319893
0.07690740376710892,0.9230926632881165
0.2695789337158203,0.7304211258888245
0.763978898525238,0.23602113127708435
0.14037048816680908,0.8596295118331909
0.13012972474098206,0.8698703050613403
0.7432942390441895,0.25670576095581055
0.2901471257209778,0.7098528742790222
0.9740343689918518,0.025965683162212372
0.9738343358039856,0.026165606454014778
0.1794135719537735,0.8205864429473877
0.46310314536094666,0.5368968844413757
0.8888882994651794,0.11111173033714294
0.09831930696964264,0.9016807079315186
0.57828688621521,0.42171308398246765
0.18131907284259796,0.8186809420585632
0.5296960473060608,0.4703039824962616
0.08138218522071838,0.9186177849769592
0.07159560173749924,0.9284043908119202
0.9461299777030945,0.053870055824518204
0.07517348229885101,0.924826443195343
0.17677967250347137,0.8232202529907227
0.965175449848175,0.03482460230588913
0.9336103796958923,0.06638959050178528
0.9639518857002258,0.036048099398612976
0.917903482913971,0.08209647238254547
0.10022483021020889,0.8997751474380493
0.20542855560779572,0.7945714592933655
0.9036581516265869,0.09634184837341309
0.6663419008255005,0.3336580991744995
0.14029483497142792,0.8597052097320557
0.292929083108902,0.7070709466934204
0.4560536742210388,0.5439463257789612
0.07403695583343506,0.9259629845619202
0.1458957940340042,0.8541041612625122
0.23147010803222656,0.7685298919677734
0.14457030594348907,0.8554297089576721
0.8356071710586548,0.16439278423786163
0.8585473895072937,0.1414525955915451
0.6357881426811218,0.3642118573188782
0.12264924496412277,0.8773506879806519
0.24912139773368835,0.750878632068634
0.3794585168361664,0.620541512966156
0.5764039158821106,0.4235961139202118
0.33923426270484924,0.6607657074928284
0.5041713714599609,0.49582862854003906
0.14029674232006073,0.8597033023834229
0.11079511791467667,0.8892049193382263
0.6311105489730835,0.3688894808292389
0.14612305164337158,0.8538768887519836
0.8317995667457581,0.16820043325424194
0.5206883549690247,0.47931167483329773
0.7174566388130188,0.2825433015823364
0.9730151891708374,0.02698487602174282
0.7172831296920776,0.28271690011024475
0.6240214705467224,0.37597858905792236
0.6306837201118469,0.3693162500858307
0.7457491159439087,0.2542509436607361
0.21772801876068115,0.7822720408439636
0.22010111808776855,0.7798988819122314
0.08217782527208328,0.9178221225738525
0.6726717948913574,0.3273282051086426
0.09640081971883774,0.9035991430282593
0.9423097372055054,0.05769026279449463
0.138886496424675,0.8611135482788086
0.09899625182151794,0.9010037779808044
0.13462910056114197,0.8653709292411804
0.07432954013347626,0.9256704449653625
0.08875662833452225,0.9112434387207031
0.09807926416397095,0.901920735836029
0.8605560064315796,0.13944397866725922
0.08947855979204178,0.910521388053894
0.15750336647033691,0.8424966931343079
0.4546765387058258,0.5453234314918518
0.07693032175302505,0.9230696558952332
0.10979897528886795,0.8902010321617126
0.9191613793373108,0.08083856105804443
0.6524889469146729,0.34751105308532715
0.09112252295017242,0.908877432346344
0.7251411080360413,0.27485886216163635
0.9740899205207825,0.025910137221217155
0.0936412587761879,0.9063587188720703
0.11488201469182968,0.8851179480552673
0.09768456220626831,0.9023154377937317
0.16725397109985352,0.8327460289001465
0.4888709783554077,0.5111290216445923
0.11856196820735931,0.8814380764961243
0.26779425144195557,0.7322057485580444
0.08185826987028122,0.9181416630744934
0.9737164378166199,0.026283612474799156
0.4451836943626404,0.5548163056373596
0.9735388159751892,0.02646123431622982
0.7348293662071228,0.2651706039905548
0.9473435878753662,0.05265645310282707
0.34619641304016113,0.6538035273551941
0.1309148669242859,0.8690851330757141
0.5107539296150208,0.48924607038497925
0.6999910473823547,0.30000895261764526
0.0982665941119194,0.9017334580421448
0.08239656686782837,0.9176034927368164
0.12183945626020432,0.8781604766845703
0.12058152258396149,0.8794184327125549
0.12791472673416138,0.8720852136611938
0.46051445603370667,0.5394855737686157
0.0814438909292221,0.9185560941696167
0.1030893549323082,0.8969106674194336
0.9627508521080017,0.03724910691380501
0.883356511592865,0.11664348840713501
0.7170435786247253,0.28295639157295227
0.08643090724945068,0.9135690927505493
0.44348663091659546,0.5565133094787598
0.6404168605804443,0.35958313941955566
0.7044371962547302,0.2955628037452698
0.08206816762685776,0.9179317951202393
0.6639991998672485,0.33600080013275146
0.533460795879364,0.466539204120636
0.2339598685503006,0.7660400867462158
0.06822799891233444,0.931771993637085
0.80398029088974,0.1960197389125824
0.9734194874763489,0.026580533012747765
0.2232963889837265,0.7767035961151123
0.15823394060134888,0.8417660593986511
0.9494646787643433,0.05053531751036644
0.16793562471866608,0.8320643901824951
0.1118846908211708,0.8881153464317322
0.07239734381437302,0.9276027083396912
0.06506442278623581,0.9349355101585388
0.08271423727273941,0.9172857999801636
0.347455233335495,0.6525447964668274
0.951524019241333,0.04847598075866699
0.18068137764930725,0.8193185925483704
0.14668019115924835,0.8533197641372681
0.9672861099243164,0.032713837921619415
0.22738951444625854,0.7726104855537415
0.46166208386421204,0.5383378863334656
0.20426303148269653,0.7957369685173035
0.8395568132400513,0.16044315695762634
0.11345614492893219,0.8865438103675842
0.21383963525295258,0.786160409450531
0.3456149995326996,0.654384970664978
0.9710820913314819,0.028917936608195305
0.9300928711891174,0.06990712136030197
0.5650241374969482,0.43497592210769653
0.09536775201559067,0.9046322703361511
0.11991936713457108,0.8800805807113647
0.12069052457809448,0.8793094754219055
0.9259392619132996,0.07406073063611984
0.16409584879875183,0.8359041213989258
0.3422345817089081,0.6577654480934143
0.09023448824882507,0.9097655415534973
0.5974472761154175,0.4025527238845825
0.9575729370117188,0.04242711886763573
0.09663315117359161,0.9033668637275696
0.33120545744895935,0.668794572353363
0.818078339099884,0.18192161619663239
0.12077021598815918,0.8792297840118408
0.8927077054977417,0.1072922796010971
0.10270517319440842,0.897294819355011
0.09141910821199417,0.9085809588432312
0.5211759805679321,0.4788239896297455
0.8483157157897949,0.15168432891368866
0.09446880966424942,0.9055311679840088
0.0762813538312912,0.9237186908721924
0.8729466795921326,0.12705330550670624
0.11011674255132675,0.8898832201957703
0.909906268119812,0.09009373933076859
0.0790967121720314,0.9209033250808716
0.08199569582939148,0.9180043339729309
0.08558586984872818,0.9144141674041748
0.10637582093477249,0.8936241269111633
0.1573973298072815,0.8426027297973633
0.9737502336502075,0.026249771937727928
0.08398798853158951,0.9160119891166687
0.05824071913957596,0.9417592883110046
0.15813325345516205,0.8418667912483215
0.11966080218553543,0.8803392052650452
0.9737567901611328,0.02624325267970562
0.07714687287807465,0.9228531718254089
0.974024772644043,0.025975199416279793
0.9649479389190674,0.035052038729190826
0.38847583532333374,0.6115241646766663
0.1423126459121704,0.8576873540878296
0.17321951687335968,0.8267804384231567
0.3530847430229187,0.6469152569770813
0.06664030998945236,0.9333597421646118
0.09095586091279984,0.909044086933136
0.13252289593219757,0.8674771189689636
0.9712662696838379,0.028733719140291214
0.7989396452903748,0.20106036961078644
0.7120080590248108,0.2879919111728668
0.10531315952539444,0.8946868181228638
0.07031924277544022,0.9296807646751404
0.9382389783859253,0.061761047691106796
0.17109236121177673,0.8289076089859009
0.3047141432762146,0.6952858567237854
0.9656252861022949,0.03437468409538269
0.5096427798271179,0.4903572201728821
0.17446337640285492,0.8255366683006287
0.6354649066925049,0.36453506350517273
0.30087095499038696,0.699129045009613
0.06390468031167984,0.9360953569412231
0.09249002486467361,0.9075099229812622
0.7543231844902039,0.24567675590515137
0.0849752202630043,0.9150248169898987
0.5828108191490173,0.41718924045562744
0.5080814361572266,0.4919185936450958
0.8342559337615967,0.16574403643608093
0.4870404899120331,0.5129595398902893
0.6070154905319214,0.3929844796657562
0.9623383283615112,0.03766166418790817
0.1017899364233017,0.8982100486755371
0.5999249815940857,0.4000750482082367
0.10738052427768707,0.8926195502281189
0.5243168473243713,0.4756831228733063
0.10734286159276962,0.8926571607589722
0.1623682677745819,0.8376317620277405
0.23637568950653076,0.7636243104934692
0.16230812668800354,0.8376919031143188
0.9151860475540161,0.0848139226436615
0.14421570301055908,0.8557842969894409
0.11577484756708145,0.8842251896858215
0.21441030502319336,0.7855896353721619
0.0775686651468277,0.9224313497543335
0.31629815697669983,0.6837018132209778
0.5575761795043945,0.44242382049560547
0.1787513643503189,0.8212486505508423
0.9497191309928894,0.0502808503806591
0.7192573547363281,0.2807426154613495
0.13635963201522827,0.8636403679847717
0.686586856842041,0.313413143157959
0.06869959086179733,0.9313003420829773
0.9646686315536499,0.03533131629228592
0.8713264465332031,0.12867353856563568
0.22063212096691132,0.7793679237365723
0.1300445795059204,0.8699554204940796
0.9699184894561768,0.030081434175372124
0.5516044497489929,0.4483955502510071
0.5192899703979492,0.4807099997997284
0.07647865265607834,0.9235213994979858
0.1522647589445114,0.8477352261543274
0.19706620275974274,0.8029337525367737
0.08168679475784302,0.9183132648468018
0.2658679485321045,0.7341321110725403
0.1513192355632782,0.8486807346343994
0.4031434655189514,0.5968564748764038
0.12049448490142822,0.879505455493927
0.8452094197273254,0.15479055047035217
0.6953111886978149,0.30468878149986267
0.14641571044921875,0.8535842895507812
0.1227261871099472,0.8772737979888916
0.0805283635854721,0.9194716215133667
0.06782412528991699,0.932175874710083
0.9739916324615479,0.026008373126387596
0.2921968400478363,0.7078031897544861
0.4289776384830475,0.5710223913192749
0.35062262415885925,0.6493774056434631
0.08666186034679413,0.9133381247520447
0.9649219512939453,0.035078082233667374
0.07921406626701355,0.9207859039306641
0.1963263899087906,0.8036736249923706
0.13294360041618347,0.8670564293861389
0.19210194051265717,0.8078981041908264
0.11187684535980225,0.888123095035553
0.8744072914123535,0.1255926638841629
0.3084131181240082,0.6915869116783142
0.5622293949127197,0.4377705752849579
0.07833462953567505,0.9216653108596802
0.9690857529640198,0.030914273113012314
0.10073792934417725,0.8992620706558228
0.05400708317756653,0.9459928870201111
0.11315905302762985,0.8868409395217896
0.7274028658866882,0.272597074508667
0.11534492671489716,0.8846550583839417
0.09998413920402527,0.9000158905982971
0.1668897122144699,0.8331103324890137
0.756974458694458,0.2430254966020584
0.24610644578933716,0.7538935542106628
0.9599422812461853,0.04005769267678261
0.6628282070159912,0.3371717631816864
0.5215510725975037,0.47844886779785156
0.10140121728181839,0.8985987305641174
0.09379935264587402,0.906200647354126
0.2220609039068222,0.7779390811920166
0.35368072986602783,0.6463192701339722
0.49226975440979004,0.5077303051948547
0.07289021462202072,0.9271097779273987
0.1441875547170639,0.8558123707771301
0.9463969469070435,0.05360310152173042
0.8340566158294678,0.16594330966472626
0.12137205898761749,0.8786279559135437
0.13388021290302277,0.8661198616027832
0.07986785471439362,0.9201321005821228
0.9741129875183105,0.025887073948979378
0.11206696182489395,0.8879330158233643
0.06982501596212387,0.9301749467849731
0.11482570320367813,0.8851742744445801
0.08202221244573593,0.9179778099060059
0.3513725996017456,0.6486273407936096
0.34033480286598206,0.6596651673316956
0.10185165703296661,0.8981483578681946
0.15293988585472107,0.8470600843429565
0.4651467502117157,0.5348532795906067
0.1745835691690445,0.8254164457321167
0.08011189848184586,0.9198881387710571
0.09914380311965942,0.9008561968803406
0.32081931829452515,0.6791806817054749
0.14235177636146545,0.8576482534408569
0.0709223598241806,0.929077684879303
0.6023790836334229,0.3976209759712219
0.10628090053796768,0.8937190771102905
0.2827899754047394,0.7172099947929382
0.13567788898944855,0.8643220663070679
0.10164006799459457,0.8983598947525024
0.1332198977470398,0.866780161857605
0.814219057559967,0.18578098714351654
0.34113383293151855,0.6588662266731262
0.7805718183517456,0.2194281369447708
0.16584992408752441,0.8341500163078308
0.08940703421831131,0.9105929136276245
0.0726601853966713,0.9273397922515869
0.17705048620700836,0.8229495882987976
0.944776177406311,0.05522383749485016
0.2974884808063507,0.7025115489959717
0.14717353880405426,0.8528264164924622
0.33802276849746704,0.661977231502533
0.10521586239337921,0.8947842121124268
0.14512282609939575,0.8548771739006042
0.09576025605201721,0.9042397737503052
0.9112977385520935,0.0887022390961647
0.5026679039001465,0.4973320960998535
0.08810172230005264,0.9118983149528503
0.0949367955327034,0.9050632119178772
0.11708064377307892,0.8829193711280823
0.14408528804779053,0.8559147119522095
0.9693050384521484,0.030695034191012383
0.16971631348133087,0.8302836418151855
0.9566972851753235,0.0433027409017086
0.22082236409187317,0.7791776657104492
0.16962407529354095,0.8303759098052979
0.29059162735939026,0.7094084024429321
0.9739432334899902,0.026056762784719467
0.07094799727201462,0.92905193567276
0.9209468364715576,0.07905315607786179
0.18125219643115997,0.8187477588653564
0.15259578824043274,0.8474041819572449
0.059821825474500656,0.9401781558990479
0.37630707025527954,0.6236929297447205
0.12020021677017212,0.8797998428344727
0.1510571986436844,0.8489428162574768
0.1621042937040329,0.8378956913948059
0.7540693879127502,0.24593058228492737
0.1084761843085289,0.8915238380432129
0.9741268754005432,0.02587312087416649
0.3505035638809204,0.6494964957237244
0.5207236409187317,0.4792763590812683
0.6703976392745972,0.32960233092308044
0.08798225224018097,0.9120177626609802
0.2871345281600952,0.7128654718399048
0.8295219540596008,0.17047803103923798
0.09514664113521576,0.9048534035682678
0.09366298466920853,0.9063370227813721
0.8233556151390076,0.17664441466331482
0.1094944179058075,0.8905056118965149
0.09037173539400101,0.9096282124519348
0.18888357281684875,0.8111163973808289
0.3264697194099426,0.6735302805900574
0.9480237364768982,0.05197625234723091
0.945956826210022,0.05404321476817131
0.15386933088302612,0.8461306691169739
0.40971457958221436,0.5902854204177856
0.9565255045890808,0.04347454011440277
0.5381160378456116,0.4618839621543884
0.08484522998332977,0.915154755115509
0.09647183120250702,0.9035282135009766
0.8046218156814575,0.19537818431854248
0.07163907587528229,0.9283609390258789
0.9734256863594055,0.026574240997433662
0.29062730073928833,0.7093726992607117
0.6774230599403381,0.32257694005966187
0.974037766456604,0.02596222050487995
0.14892905950546265,0.8510709404945374
0.20774026215076447,0.7922597527503967
0.9736648797988892,0.026335103437304497
0.3827827274799347,0.6172172427177429
0.06752750277519226,0.9324724674224854
0.301100492477417,0.698899507522583
0.2650853395462036,0.7349146604537964
0.7537688612937927,0.2462310642004013
0.07719916105270386,0.9228007793426514
0.15084218978881836,0.8491577506065369
0.09287533164024353,0.9071246385574341
0.43977755308151245,0.5602224469184875
0.07651203125715256,0.9234879612922668
0.11003231257200241,0.8899677395820618
0.9733381867408752,0.026661796495318413
0.24885274469852448,0.7511472105979919
0.14995872974395752,0.8500413298606873
0.24128872156143188,0.7587112784385681
0.7865503430366516,0.21344967186450958
0.9743083715438843,0.025691639631986618
0.9622917771339417,0.03770824149250984
0.1514986902475357,0.8485013246536255
0.40455150604248047,0.5954484939575195
0.548569917678833,0.4514301121234894
0.9688392281532288,0.031160777434706688
0.9474141001701355,0.052585896104574203
0.5392420291900635,0.46075791120529175
0.51788729429245,0.48211267590522766
0.2888936996459961,0.7111063003540039
0.09393933415412903,0.9060606956481934
0.2805437445640564,0.7194562554359436
0.09773027896881104,0.902269721031189
0.9396756887435913,0.06032425910234451
0.09983047842979431,0.9001695513725281
0.09636683762073517,0.9036331176757812
0.15710069239139557,0.8428993225097656
0.16913160681724548,0.8308684229850769
0.9742334485054016,0.025766544044017792
0.45738115906715393,0.5426188111305237
0.16050219535827637,0.8394978046417236
0.5635753870010376,0.43642458319664
0.7242562174797058,0.2757437527179718
0.3656729459762573,0.6343271136283875
0.7265303730964661,0.2734696865081787
0.9230181574821472,0.0769818052649498
0.7805576920509338,0.21944233775138855
0.7744845747947693,0.2255154401063919
0.08397302031517029,0.9160270094871521
0.8008533120155334,0.19914667308330536
0.8577741384506226,0.14222587645053864
0.08589617908000946,0.9141038060188293
0.1272474080324173,0.8727525472640991
0.36113691329956055,0.6388630867004395
0.2453935295343399,0.7546064853668213
0.14555007219314575,0.8544498682022095
0.46173718571662903,0.5382628440856934
0.9069938063621521,0.0930061787366867
0.7217023968696594,0.27829766273498535
0.11910799145698547,0.8808920383453369
0.7481208443641663,0.25187912583351135
0.07461132854223251,0.9253886938095093
0.09712367504835129,0.9028763771057129
0.07996735721826553,0.9200326204299927
0.2040497362613678,0.7959502339363098
0.8507681488990784,0.14923185110092163
0.9736418724060059,0.02635820396244526
0.11925237625837326,0.8807475566864014
0.28956490755081177,0.7104350924491882
0.12452421337366104,0.8754758238792419
0.15114009380340576,0.848859965801239
0.9196926951408386,0.08030731976032257
0.8959569931030273,0.10404299944639206
0.09922586381435394,0.9007741808891296
0.16919200122356415,0.8308079242706299
0.9738823771476746,0.026117609813809395
0.20421217381954193,0.7957878112792969
0.2583286166191101,0.7416714429855347
0.08532775193452835,0.9146721959114075
0.3769920766353607,0.6230078935623169
0.9735210537910461,0.026478910818696022
0.3070546090602875,0.6929453611373901
0.08384683728218079,0.9161531329154968
0.6968047022819519,0.3031952977180481
0.9305804967880249,0.06941954046487808
0.8657190203666687,0.13428093492984772
0.35571640729904175,0.6442835927009583
0.604669451713562,0.3953305780887604
0.14735224843025208,0.8526477813720703
0.07073960453271866,0.9292603731155396
0.39962857961654663,0.6003714203834534
0.7849240303039551,0.21507593989372253
0.08204483240842819,0.9179551005363464
0.9239521622657776,0.0760478749871254
0.07321653515100479,0.9267834424972534
0.32497096061706543,0.6750290393829346
0.1364830583333969,0.8635169863700867
0.12777523696422577,0.8722248077392578
0.6512414813041687,0.3487585186958313
0.12459117919206619,0.8754087686538696
0.07082860916852951,0.9291714429855347
0.24631556868553162,0.7536844611167908
0.3737545907497406,0.6262454390525818
0.1321086585521698,0.8678913116455078
0.7383522987365723,0.26164767146110535
0.08669962733983994,0.9133003354072571
0.10347307473421097,0.8965269327163696
0.549543559551239,0.4504564106464386
0.10823123157024384,0.891768753528595
0.33197522163391113,0.6680247783660889
0.09211182594299316,0.9078881740570068
0.12173563241958618,0.8782643675804138
0.07989894598722458,0.9201010465621948
0.9372144341468811,0.06278561800718307
0.07237625122070312,0.9276237487792969
0.1451602429151535,0.8548397421836853
0.10583984106779099,0.8941601514816284
0.7278643846511841,0.2721356153488159
0.9731961488723755,0.026803849264979362
0.29169803857803345,0.7083019018173218
0.4847666025161743,0.5152333974838257
0.844126284122467,0.15587376058101654
0.1977417916059494,0.8022581934928894
0.097431480884552,0.902568519115448
0.22254231572151184,0.7774576544761658
0.9678468108177185,0.0321531817317009
0.3926650285720825,0.6073349714279175
0.20520281791687012,0.7947971820831299
0.07206273823976517,0.9279373288154602
0.16846849024295807,0.8315315246582031
0.9361412525177002,0.0638587549328804
0.1604231745004654,0.839576780796051
0.06696535646915436,0.9330345988273621
0.10521551221609116,0.8947844505310059
0.16385145485401154,0.8361485600471497
0.7692169547080994,0.23078300058841705
0.09449087828397751,0.9055090546607971
0.3146396279335022,0.6853603720664978
0.14655844867229462,0.8534415364265442
0.3877650201320648,0.6122350096702576
0.961129903793335,0.038870081305503845
0.11390095949172974,0.8860989809036255
0.7747928500175476,0.2252071052789688
0.9486822485923767,0.051317762583494186
0.12120611220598221,0.8787938952445984
0.6919459104537964,0.3080540895462036
0.13603103160858154,0.8639689683914185
0.07558165490627289,0.9244183301925659
0.10406805574893951,0.8959319591522217
0.4582994878292084,0.541700541973114
0.23520803451538086,0.7647919058799744
0.13364571332931519,0.8663542866706848
0.07278244197368622,0.9272176027297974
0.7121680378913879,0.28783196210861206
0.1592143476009369,0.8407856822013855
0.16342051327228546,0.836579442024231
0.21042901277542114,0.7895709872245789
0.9374197125434875,0.06258028745651245
0.14083626866340637,0.8591637015342712
0.2430029958486557,0.7569970488548279
0.7028977274894714,0.29710230231285095
0.9741523265838623,0.025847669690847397
0.11983239650726318,0.8801676034927368
0.9604770541191101,0.0395229198038578
0.10072679072618484,0.8992732763290405
0.14659838378429413,0.8534016609191895
0.9355742931365967,0.0644257441163063
0.13440439105033875,0.8655955791473389
0.43895646929740906,0.5610435009002686
0.16633062064647675,0.8336693644523621
0.6791409254074097,0.32085907459259033
0.39081504940986633,0.6091849207878113
0.965175449848175,0.03482460230588913
0.15184588730335236,0.8481541275978088
0.7443805932998657,0.25561943650245667
0.10698918253183365,0.8930108547210693
0.6222736835479736,0.37772631645202637
0.8920211791992188,0.10797885805368423
0.9420595765113831,0.057940442115068436
0.13494902849197388,0.8650509715080261
0.8427796959877014,0.1572202891111374
0.1078721433877945,0.8921278715133667
0.11973537504673004,0.8802646398544312
0.13705112040042877,0.8629488945007324
0.7508351802825928,0.24916481971740723
0.11153113842010498,0.8884688019752502
0.9389832615852356,0.061016764491796494
0.08391141891479492,0.9160885214805603
0.3934352397918701,0.6065647602081299
0.3556254804134369,0.6443745493888855
0.09923712909221649,0.9007628560066223
0.26770874857902527,0.7322912216186523
0.0699378177523613,0.9300621151924133
0.9302697777748108,0.06973028182983398
0.6910590529441833,0.30894097685813904
0.11367011815309525,0.8863298892974854
0.9651606678962708,0.03483928367495537
0.8509870171546936,0.14901293814182281
0.4939195513725281,0.5060804486274719
0.6377114653587341,0.36228859424591064
0.1050439104437828,0.894956111907959
0.22649690508842468,0.7735030651092529
0.10214674472808838,0.8978532552719116
0.14621150493621826,0.853788435459137
0.07438615709543228,0.9256138801574707
0.5660824179649353,0.4339175820350647
0.5102217793464661,0.48977822065353394
0.1273234635591507,0.8726764917373657
0.7397553324699402,0.2602446675300598
0.08122868090867996,0.9187713265419006
0.06858738511800766,0.9314126968383789
0.14447706937789917,0.8555229902267456
0.951561450958252,0.04843849688768387
0.1660621464252472,0.8339378237724304
0.16135823726654053,0.8386417627334595
0.5162014961242676,0.48379847407341003
0.6539433002471924,0.3460567593574524
0.6350929737091064,0.36490705609321594
0.9738145470619202,0.026185477152466774
0.4208466708660126,0.579153299331665
0.3772989809513092,0.6227010488510132
0.9631081223487854,0.03689194470643997
0.1034868136048317,0.8965132236480713
0.842599093914032,0.15740090608596802
0.7384389638900757,0.2615610659122467
0.09888104349374771,0.9011189341545105
0.30540966987609863,0.6945902705192566
0.07288907468318939,0.9271109104156494
0.11705820262432098,0.8829417824745178
0.42782214283943176,0.5721778273582458
0.11312854290008545,0.8868713974952698
0.38252052664756775,0.6174794435501099
0.290469765663147,0.709530234336853
0.7182592153549194,0.28174078464508057
0.5933152437210083,0.4066847860813141
0.07700901478528976,0.9229909777641296
0.07944277673959732,0.9205572009086609
0.1571875959634781,0.8428124189376831
0.2837197184562683,0.7162803411483765
0.05878043174743652,0.9412195682525635
0.13568446040153503,0.8643155097961426
0.07291634380817413,0.9270836710929871
0.15716677904129028,0.8428332209587097
0.25649788975715637,0.7435020804405212
0.11362212896347046,0.8863778114318848
0.08055920898914337,0.919440746307373
0.13738052546977997,0.8626195192337036
0.07731930911540985,0.9226807355880737
0.2787681818008423,0.7212318778038025
0.1468539983034134,0.8531460762023926
0.06622123718261719,0.9337787628173828
0.652724027633667,0.3472760319709778
0.21642528474330902,0.7835747599601746
0.24557790160179138,0.754422128200531
0.9740686416625977,0.025931375101208687
0.824315071105957,0.1756848692893982
0.3186853229999542,0.6813147068023682
0.6351733207702637,0.36482664942741394
0.4828825891017914,0.517117440700531
0.08287174999713898,0.9171282649040222
0.5186038017272949,0.4813961982727051
0.1286960393190384,0.8713039755821228
0.09093277901411057,0.9090672731399536
0.9706180095672607,0.0293820071965456
0.08117499947547913,0.9188250303268433
0.859615683555603,0.14038430154323578
0.9545645117759705,0.04543553292751312
0.0792279988527298,0.9207720160484314
0.13680744171142578,0.8631925582885742
0.7569863796234131,0.2430136501789093
0.17219984531402588,0.8278001546859741
0.9733547568321228,0.02664525993168354
0.3712664246559143,0.6287335753440857
0.36036595702171326,0.6396340727806091
0.9649911522865295,0.03500888869166374
0.9656333923339844,0.03436657041311264
0.08457968384027481,0.9154203534126282
0.1755785495042801,0.8244214653968811
0.07025647163391113,0.9297435283660889
0.2746434807777405,0.7253565192222595
0.6060588359832764,0.393941193819046
0.13589146733283997,0.8641085028648376
0.06871967762708664,0.9312803149223328
0.2851870059967041,0.7148129940032959
0.16898305714130402,0.8310168981552124
0.9428554177284241,0.05714462324976921
0.9637762308120728,0.03622378408908844
0.15024834871292114,0.8497516512870789
0.08269274979829788,0.9173072576522827
0.10410619527101517,0.8958937525749207
0.8960345983505249,0.10396532714366913
0.12038854509592056,0.8796114325523376
0.9727108478546143,0.02728915587067604
0.9095602631568909,0.09043970704078674
0.40507224202156067,0.5949277281761169
0.9527696371078491,0.047230321913957596
0.9688935875892639,0.031106391921639442
0.08695581555366516,0.9130441546440125
0.09407619386911392,0.9059237837791443
0.36845505237579346,0.6315449476242065
0.813705325126648,0.18629465997219086
0.11367127299308777,0.8863287568092346
0.12490133941173553,0.8750986456871033
0.3960173726081848,0.6039826273918152
0.19518724083900452,0.8048127293586731
0.07581733912229538,0.924182653427124
0.9734904170036316,0.026509558781981468
0.8687949776649475,0.13120503723621368
0.28453898429870605,0.715461015701294
0.12553632259368896,0.8744637370109558
0.09501853585243225,0.9049814343452454
0.3955296576023102,0.6044703125953674
0.10194634646177292,0.8980536460876465
0.9738577604293823,0.026142261922359467
0.9371138215065002,0.06288613379001617
0.7070595622062683,0.2929403781890869
0.143953338265419,0.8560466170310974
0.7054024338722229,0.2945975065231323
0.9475622773170471,0.052437711507081985
0.9350569248199463,0.06494308263063431
0.39857569336891174,0.6014242768287659
0.9214339256286621,0.07856608927249908
0.2023824155330658,0.7976176142692566
0.07951817661523819,0.9204818606376648
0.07211169600486755,0.9278883337974548
0.9586638808250427,0.041336070746183395
0.9742587804794312,0.025741178542375565
0.08710334450006485,0.9128966331481934
0.9096790552139282,0.09032094478607178
0.07375599443912506,0.9262440800666809
0.5019685626029968,0.4980314373970032
0.9332150220870972,0.06678502261638641
0.6421371102333069,0.3578629493713379
0.9128454923629761,0.08715448528528214
0.11079709976911545,0.8892029523849487
0.178715780377388,0.8212841749191284
0.3112783432006836,0.6887216567993164
0.18586723506450653,0.814132809638977
0.10335227847099304,0.8966476917266846
0.08543272316455841,0.9145672917366028
0.26995930075645447,0.7300407290458679
0.8314857482910156,0.16851426661014557
0.10489369928836823,0.895106315612793
0.2696840465068817,0.7303159832954407
0.06351698189973831,0.9364829659461975
0.13923081755638123,0.8607692122459412
0.28091946244239807,0.7190805077552795
0.09739873558282852,0.9026012420654297
0.17695768177509308,0.8230423331260681
0.5088543891906738,0.4911455810070038
0.1251768320798874,0.8748232126235962
0.8060178160667419,0.19398221373558044
0.971486508846283,0.028513504192233086
0.08778543770313263,0.9122145175933838
0.7476629018783569,0.2523370683193207
0.1382841318845749,0.8617158532142639
0.29042547941207886,0.7095744609832764
0.8994017839431763,0.10059820860624313
0.10307227075099945,0.8969277143478394
0.9731116890907288,0.02688836306333542
0.9735090732574463,0.026490898802876472
0.07111769169569016,0.9288823008537292
0.06869356334209442,0.9313064813613892
0.24457697570323944,0.7554229497909546
0.9319530129432678,0.06804691255092621
0.09662070125341415,0.9033792614936829
0.6084100604057312,0.3915899097919464
0.19965659081935883,0.80034339427948
0.07700134068727493,0.9229986667633057
0.0680580660700798,0.9319419264793396
0.08158393204212189,0.9184160232543945
0.1289038211107254,0.871096134185791
0.0847267135977745,0.9152733087539673
0.2052278071641922,0.7947722673416138
0.1414736956357956,0.8585262894630432
0.2320016473531723,0.7679983377456665
0.25874975323677063,0.7412502765655518
0.08851355314254761,0.9114865064620972
0.19339461624622345,0.8066053986549377
0.22873571515083313,0.7712642550468445
0.18402323126792908,0.8159767389297485
0.23203983902931213,0.7679601907730103
0.937228798866272,0.06277119368314743
0.4060966968536377,0.5939032435417175
